INSERT INTO `areas` (`id`, `name`, `created_at`, `updated_at`) VALUES
(1, 'Química clínica', NULL, NULL),
(2, 'Hematología', NULL, NULL),
(3, 'Uroanálisis', NULL, NULL),
(4, 'Serología', NULL, NULL),
(5, 'Maquila', NULL, NULL);

INSERT INTO `containers` (`id`, `name`, `created_at`, `updated_at`) VALUES
(1, 'Papel tamiz', NULL, '2023-10-07 16:48:22'),
(2, 'Tubo dorado', NULL, NULL),
(3, 'Contenedor limpio', NULL, NULL),
(4, 'Contenedor estéril', NULL, NULL),
(5, 'Tubo lila', NULL, NULL),
(6, 'Tubo azul', NULL, NULL),
(7, 'Laminilla fijada en alcohol', NULL, NULL),
(8, 'Contenedor con formol', NULL, NULL),
(9, 'Medio especial', NULL, NULL),
(10, 'Tubo verde', NULL, NULL),
(11, 'Tubo rojo', NULL, NULL),
(12, 'Medio de transporte (Stuart)', NULL, NULL),
(13, 'Laminilla fijada en alcohol', NULL, NULL),
(16, 'Tubo estéril', NULL, NULL);

INSERT INTO `container_study` (`container_id`, `study_id`) VALUES
(2, 1),
(1, 2),
(2, 3),
(3, 4),
(2, 5),
(3, 6),
(2, 7),
(2, 8),
(2, 9),
(2, 10),
(2, 11),
(2, 12),
(2, 13),
(2, 14),
(2, 15),
(2, 16),
(2, 17),
(4, 18),
(2, 19),
(2, 20),
(2, 21),
(2, 22),
(2, 23),
(2, 24),
(2, 25),
(2, 26),
(2, 27),
(2, 28),
(2, 29),
(2, 30),
(2, 31),
(2, 32),
(2, 33),
(2, 34),
(2, 35),
(2, 36),
(2, 37),
(2, 38),
(2, 39),
(2, 40),
(2, 41),
(2, 42),
(2, 43),
(2, 44),
(2, 45),
(2, 46),
(2, 47),
(2, 48),
(2, 49),
(2, 50),
(2, 51),
(2, 52),
(2, 53),
(2, 54),
(2, 55),
(2, 56),
(2, 57),
(2, 58),
(2, 59),
(2, 60),
(2, 61),
(2, 62),
(2, 63),
(2, 64),
(2, 65),
(2, 66),
(2, 67),
(2, 68),
(2, 69),
(2, 70),
(5, 71),
(2, 72),
(2, 73),
(2, 74),
(2, 75),
(2, 76),
(2, 77),
(2, 78),
(2, 79),
(2, 80),
(2, 81),
(2, 82),
(2, 83),
(2, 84),
(2, 85),
(2, 86),
(2, 87),
(2, 88),
(2, 89),
(2, 90),
(2, 91),
(2, 92),
(2, 93),
(2, 94),
(3, 95),
(2, 96),
(2, 97),
(2, 98),
(3, 99),
(2, 100),
(3, 101),
(2, 102),
(3, 103),
(5, 104),
(2, 105),
(2, 106),
(3, 107),
(3, 108),
(2, 109),
(2, 110),
(2, 111),
(3, 112),
(2, 113),
(2, 114),
(2, 115),
(2, 116),
(3, 117),
(4, 118),
(3, 119),
(2, 120),
(2, 121),
(3, 122),
(2, 123),
(6, 124),
(2, 125),
(5, 126),
(2, 127),
(2, 128),
(2, 129),
(2, 130),
(2, 131),
(6, 132),
(2, 133),
(2, 134),
(3, 135),
(2, 136),
(3, 137),
(13, 138),
(13, 139),
(3, 140),
(3, 141),
(3, 142),
(3, 143),
(3, 144),
(3, 145),
(3, 146),
(3, 147),
(2, 148),
(2, 149),
(3, 150),
(2, 151),
(2, 152),
(2, 153),
(2, 154),
(5, 155),
(8, 156),
(8, 157),
(8, 158),
(8, 159),
(3, 160),
(9, 161),
(3, 162),
(2, 163),
(2, 164),
(2, 165),
(2, 166),
(2, 167),
(2, 168),
(3, 169),
(2, 170),
(3, 171),
(2, 172),
(2, 173),
(3, 174),
(3, 175),
(2, 176),
(5, 177),
(5, 178),
(5, 179),
(5, 180),
(10, 181),
(2, 182),
(5, 183),
(3, 184),
(11, 185),
(2, 186),
(12, 187),
(5, 188),
(2, 189),
(13, 190),
(13, 191),
(13, 192),
(13, 193),
(13, 194),
(13, 195),
(13, 196),
(3, 197),
(2, 198),
(2, 199),
(3, 200),
(3, 201),
(3, 202),
(2, 203),
(2, 204),
(2, 205),
(2, 206),
(2, 207),
(2, 208),
(2, 209),
(2, 210),
(2, 211),
(5, 212),
(2, 213),
(3, 214),
(3, 215),
(3, 216),
(3, 217),
(2, 218),
(3, 219),
(2, 220),
(2, 221),
(2, 222),
(3, 223),
(11, 224),
(11, 225),
(4, 226),
(2, 227),
(3, 228),
(5, 229),
(3, 230),
(3, 231),
(4, 232),
(12, 233),
(12, 234),
(12, 235),
(12, 236),
(12, 237),
(12, 238),
(12, 239),
(12, 240),
(4, 241),
(4, 242),
(9, 243),
(9, 244),
(4, 245),
(4, 246),
(4, 247),
(4, 248),
(4, 249),
(4, 250),
(4, 251),
(9, 252),
(4, 253),
(4, 254),
(4, 255),
(4, 256),
(2, 257),
(2, 258),
(2, 259),
(3, 260),
(2, 260),
(3, 261),
(2, 261),
(2, 262),
(2, 263),
(6, 264),
(2, 265),
(5, 266),
(3, 267),
(2, 268),
(5, 269),
(2, 270),
(2, 271),
(3, 272),
(3, 273),
(2, 274),
(2, 275),
(2, 276),
(13, 277),
(2, 278),
(4, 279),
(4, 280),
(2, 281),
(2, 282),
(2, 283),
(2, 284),
(3, 285),
(6, 286),
(6, 287),
(2, 288),
(2, 289),
(6, 290),
(5, 291),
(6, 292),
(6, 293),
(6, 294),
(6, 295),
(6, 296),
(6, 297),
(6, 298),
(2, 299),
(2, 300),
(2, 301),
(6, 302),
(2, 303),
(3, 303),
(5, 304),
(5, 305),
(2, 306),
(2, 307),
(2, 308),
(2, 309),
(2, 310),
(3, 311),
(2, 312),
(5, 313),
(5, 314),
(3, 315),
(2, 316),
(2, 317),
(2, 318),
(2, 319),
(5, 320),
(1, 321),
(2, 322),
(3, 323),
(5, 324),
(5, 325),
(16, 326),
(2, 327),
(9, 328),
(5, 329),
(2, 330),
(5, 331),
(5, 332),
(5, 333),
(5, 334),
(5, 335),
(2, 336),
(5, 337),
(2, 338),
(2, 339),
(2, 340),
(2, 341),
(2, 342),
(2, 343),
(2, 344),
(2, 345),
(2, 346),
(5, 347),
(2, 348),
(2, 349),
(2, 350),
(2, 351),
(2, 352),
(2, 353),
(2, 354),
(2, 355),
(2, 356),
(2, 357),
(3, 358),
(2, 359),
(2, 360),
(2, 361),
(3, 362),
(5, 363),
(3, 364),
(3, 365),
(2, 366),
(2, 367),
(12, 368),
(9, 369),
(3, 370),
(2, 371),
(3, 372),
(5, 373),
(3, 374),
(3, 375),
(2, 376),
(3, 377),
(2, 378),
(2, 379),
(13, 380),
(9, 381),
(2, 382),
(5, 383),
(5, 384),
(2, 385),
(3, 386),
(2, 387),
(2, 388),
(2, 389),
(2, 390),
(6, 391),
(2, 392),
(2, 393),
(6, 394),
(3, 395),
(4, 396),
(3, 397),
(2, 398),
(5, 399),
(5, 400),
(3, 401),
(2, 402),
(5, 403),
(2, 403),
(4, 404),
(2, 405),
(5, 406),
(5, 407),
(2, 408),
(3, 409),
(3, 410),
(2, 411),
(5, 412),
(2, 413),
(3, 414),
(2, 415),
(2, 416),
(5, 417),
(5, 418),
(5, 419),
(2, 420),
(5, 421),
(2, 422),
(2, 423),
(2, 424),
(6, 425),
(6, 426),
(6, 427),
(13, 428),
(13, 429),
(13, 430),
(13, 431),
(2, 432),
(2, 433),
(2, 434),
(2, 435),
(2, 436),
(2, 437),
(2, 438),
(2, 439),
(2, 440),
(2, 441),
(2, 442),
(5, 443),
(2, 444),
(3, 445),
(2, 446),
(5, 447),
(2, 448),
(5, 449),
(2, 450),
(5, 451),
(2, 452),
(2, 453),
(2, 454),
(10, 455),
(2, 456),
(2, 457),
(2, 458),
(2, 459),
(3, 460),
(2, 461),
(2, 462),
(1, 463),
(2, 464),
(1, 465),
(2, 466),
(1, 467),
(1, 468),
(2, 469),
(1, 470),
(1, 471),
(2, 472),
(12, 473),
(12, 474),
(2, 475),
(2, 476),
(2, 477),
(1, 478),
(12, 479),
(2, 569),
(2,570),
(2,571),
(2,572),
(2,573),
(2,574),
(2,575),
(2,576),
(2,577),
(2,578),
(2,579),
(2,580),
(2,581),
(2,582),
(2,583),
(2,584),
(2,585),
(2,586),
(2,587),
(2,588),
(2,589),
(2,590),
(2,591),
(2,592),
(2,593),
(2,594),
(2,595),
(2,596),
(2,597),
(2,598),
(2,599),
(2,600),
(2,601),
(2,602),
(2,603),
(2,604),
(2,605),
(2,606),
(2,607),
(2,608),
(2,609),
(2,610),
(2,611),
(2,612),
(2,613),
(2,614),
(2,615),
(2,616),
(2,617),
(2,618),
(2,619),
(2,620),
(2,621),
(2,622),
(2,623),
(2,624),
(2,625),
(2,626),
(2,627),
(2,628),
(2,629),
(2,630),
(2,631),
(2,632),
(2,633),
(2,634),
(2,635),
(2,636),
(2,637),
(2,638),
(2,639),
(2,640),
(2,641),
(2,642),
(2,643),
(2,644),
(2,645),
(2,646),
(2,647),
(2,648),
(2,649),
(2,650),
(2,651),
(2,652),
(2,653),
(2,654),
(2,655),
(2,656),
(2,657),
(2,658),
(2,659),
(2,660),
(2,661),
(2,662),
(2,663),
(2,664),
(2,665),
(2,666),
(2,667),
(2,668),
(2,669),
(2,670),
(2,671),
(2,672),
(2,673),
(2,674),
(2,675),
(2,676),
(2,677),
(2,678),
(2,679),
(2,680),
(2,681),
(2,682),
(2,683),
(2,684),
(2,685),
(2,686),
(2,687),
(2,688),
(2,689),
(2,690),
(2,691),
(2,692),
(2,693),
(2,694),
(2,695),
(2,696),
(2,697),
(2,698),
(2,699),
(2,700),
(2,701),
(2,702),
(2,703),
(2,704),
(2,705),
(2,706),
(2,707),
(2,708),
(2,709),
(2,710),
(2,711),
(2,712),
(2,713),
(2,714),
(2,715),
(2,716),
(2,717),
(2,718),
(2,719),
(2,720),
(2,721),
(2,722),
(2,723),
(2,724),
(2,725),
(2,726),
(2,727),
(2,728),
(2,729),
(2,730),
(2,731),
(2,732),
(2,733),
(2,734),
(2,735),
(2,736),
(2,737),
(2,738),
(2,739),
(2,740),
(2,741),
(2,742),
(2,743),
(2,744),
(2,745),
(2,746),
(2,747),
(2,748),
(2,749),
(2,750),
(2,751),
(2,752),
(2,753),
(2,754),
(2,755),
(2,756),
(2,757),
(2,758),
(2,759),
(2,760),
(2,761),
(2,762),
(2,763),
(2,764),
(2,765),
(2,766),
(2,767),
(2,768),
(2,769),
(2,770),
(2,771),
(2,772),
(2,773),
(2,774),
(2,775),
(2,776),
(2,777),
(2,778),
(2,779),
(2,780),
(2,781),
(2,782),
(2,783),
(2,784),
(2,785),
(2,786),
(2,787),
(2,788),
(2,789),
(2,790),
(2,791),
(2,792),
(2,793),
(2,794),
(2,795),
(2,796),
(2,797),
(2,798),
(2,799),
(2,800),
(2,801),
(2,802),
(2,803),
(2,804),
(2,805),
(2,806),
(2,807),
(2,808),
(2,809),
(2,810),
(2,811),
(2,812),
(2,813),
(2,814),
(2,815),
(2,816),
(2,817),
(2,818),
(2,819),
(2,820),
(2,821),
(2,822),
(2,823),
(2,824),
(2,825),
(2,826),
(2,827),
(2,828),
(2,829),
(2,830),
(2,831),
(2,832),
(2,833),
(2,834),
(2,835),
(2,836),
(2,837),
(2,838),
(2,839),
(2,840),
(2,841),
(2,842),
(2,843),
(2,844),
(2,845),
(2,846),
(2,847),
(2,848),
(2,849),
(2,850),
(2,851),
(2,852),
(2,853),
(2,854),
(2,855),
(2,856),
(2,857),
(2,858),
(2,859),
(2,860),
(2,861),
(2,862);

INSERT INTO `indications` (`id`, `name`, `created_at`, `updated_at`) VALUES
(1, 'Es indispensable que el recién nacido haya iniciado ya su alimentación con leche, por lo menos 72 horas antes de la toma de sus muestras', NULL, NULL),
(2, 'Idealmente esta prueba debe ser realizada de 2 a 6 días después del nacimiento del bebé', NULL, NULL),
(3, 'La ingesta de medicamentos como ácido valproico, risperidona, cefalosporinas, dimecotina, benzodiacepinas, diuréticos, de asa y metoclopramida pueden provocar resultados falsos positivos', NULL, NULL),
(4, 'La muestra se debe dejar secar al aire (3 horas papel en posición horizontal)', NULL, NULL),
(5, 'Enviar muestra con un círculo lleno y homogéneo por ambos lados', NULL, NULL),
(6, 'Ayuno de 8 horas', NULL, NULL),
(7, 'Dar al adulto una carga de 25 gr de xilosa o al niño 0.5 gr/kg de peso sin pasar de 25 gr', NULL, NULL),
(8, 'Recolectar la orina de 5 horas anotando el volumen total en el frasco, Hora en la que inició la recolección de muestra y la dosis de Xilosa que se le dio al paciente', NULL, NULL),
(9, 'Recolectar en un contenedor, una muestra de materia fecal reciente', NULL, NULL),
(10, 'El paciente debe estar libre de tratamiento antibiótico y sales de bismuto (pepto bismol, estomaquil y similares) por un mes, medicamentos inhibidores de bomba de protones (omeprazol, genoprazol, pantoprazol, lansoprazol, esomeprazol) antagonistas de H2 (ranitidina, roxatidina, cimetidina, nizatidina) y sucralfato por 2 semanas antes de la prueba', NULL, NULL),
(11, 'En caso de que el paciente haya sido sometido a tratamiento antibiótico antes de la realización del estudio, se sugiere suspenderlo 5-7 días previos a la toma de muestra', NULL, NULL),
(12, 'No requiere condiciones especiales', NULL, NULL),
(13, 'Orina de 24 horas', NULL, NULL),
(14, 'Orina ocasional', NULL, NULL),
(15, 'Realizar aseo bucar previo sin uso de crema dental ni enjuages bucales', NULL, NULL),
(16, 'Recoger la primer muestra en ayunas. Toser varias veces de forma profunda y depositar en el frasco el esputo', NULL, NULL),
(17, 'De acuerdo a las indicaciones del médico tratante', NULL, NULL),
(18, 'No consumir alcohol al menos 24 horas antes de la toma de muestra', NULL, NULL),
(19, 'No separar el suero del coágulo', NULL, NULL),
(20, 'Obtener la muestra inmediatamente antes de la siguiente dosis del medicamento', NULL, NULL),
(21, 'Primer orina de la mañana', NULL, NULL),
(22, 'Enviar muestra con un círculo lleno y homogéneo por ambos lados. Es indispensable que el recién nacido haya iniciado ya su alimentación con leche, por lo menos 72 horas antes de la toma de sus muestras. Idealmente esta prueba debe ser realizada de 2 a 6 d', NULL, NULL),
(23, 'Etiquetar claramente las muestras con el nombre completo e indicar con la letra H si pertenece al hijo o con PP si pertenece al presunto padre', NULL, NULL),
(24, 'Enviar muestra de hijo y presunto padre', NULL, NULL),
(25, 'Etiquetar claramente las muestras con el nombre completo e indicar con la letra H si perteneces al hijo, M si pertenece a la madre o con PP si pertenece al presunto padre', NULL, NULL),
(26, 'Enviar muestra de hijo, madre y presunto padre', NULL, NULL),
(27, 'Enviar muestra de donador y receptor', NULL, NULL),
(28, 'Tomar la orina de 2 horas, comenzando con la primera de la mañana', NULL, NULL);

INSERT INTO `indication_study` (`indication_id`, `study_id`) VALUES
(6, 1),
(1, 2),
(2, 2),
(3, 2),
(4, 2),
(5, 2),
(6, 3),
(7, 4),
(8, 4),
(6, 5),
(9, 6),
(10, 6),
(11, 6),
(6, 7),
(6, 8),
(6, 9),
(6, 10),
(6, 11),
(6, 12),
(6, 13),
(6, 14),
(6, 15),
(6, 16),
(6, 17),
(12, 18),
(6, 19),
(6, 20),
(6, 21),
(6, 22),
(6, 23),
(6, 24),
(6, 25),
(6, 26),
(6, 27),
(6, 28),
(6, 29),
(6, 30),
(6, 31),
(6, 32),
(6, 33),
(6, 34),
(6, 35),
(6, 36),
(6, 37),
(6, 38),
(6, 39),
(6, 40),
(6, 41),
(6, 42),
(6, 43),
(6, 44),
(6, 45),
(6, 46),
(6, 47),
(6, 48),
(6, 49),
(6, 50),
(6, 51),
(6, 52),
(6, 53),
(6, 54),
(6, 55),
(6, 56),
(6, 57),
(6, 58),
(6, 59),
(6, 60),
(6, 61),
(6, 62),
(6, 63),
(6, 64),
(6, 65),
(6, 66),
(6, 67),
(6, 68),
(6, 69),
(6, 70),
(6, 71),
(6, 72),
(6, 73),
(6, 74),
(6, 75),
(6, 76),
(6, 77),
(6, 78),
(6, 79),
(6, 80),
(6, 81),
(6, 82),
(6, 83),
(6, 84),
(6, 85),
(6, 86),
(6, 87),
(6, 88),
(6, 89),
(6, 90),
(6, 91),
(6, 92),
(6, 93),
(6, 94),
(13, 95),
(6, 96),
(6, 97),
(6, 98),
(13, 99),
(6, 100),
(13, 101),
(6, 102),
(13, 103),
(6, 104),
(6, 105),
(6, 106),
(13, 107),
(14, 108),
(6, 109),
(6, 110),
(6, 111),
(13, 112),
(6, 113),
(6, 114),
(6, 115),
(6, 116),
(13, 117),
(12, 118),
(12, 119),
(6, 120),
(6, 121),
(14, 122),
(6, 123),
(6, 124),
(6, 125),
(6, 126),
(6, 127),
(6, 128),
(6, 129),
(6, 130),
(6, 131),
(6, 132),
(6, 133),
(6, 134),
(13, 135),
(6, 136),
(12, 137),
(12, 138),
(12, 139),
(15, 140),
(16, 140),
(15, 141),
(16, 141),
(15, 142),
(16, 142),
(15, 143),
(16, 143),
(15, 144),
(16, 144),
(15, 145),
(16, 145),
(14, 146),
(14, 147),
(6, 148),
(6, 149),
(13, 150),
(6, 151),
(6, 152),
(6, 153),
(6, 154),
(6, 155),
(17, 156),
(17, 157),
(17, 158),
(17, 159),
(12, 160),
(12, 161),
(12, 162),
(6, 163),
(6, 164),
(6, 165),
(6, 166),
(6, 167),
(6, 168),
(14, 169),
(6, 170),
(13, 171),
(6, 172),
(6, 173),
(12, 174),
(14, 175),
(6, 176),
(6, 177),
(6, 178),
(6, 179),
(6, 180),
(6, 181),
(6, 182),
(18, 182),
(6, 183),
(13, 184),
(19, 185),
(6, 186),
(12, 187),
(6, 188),
(6, 189),
(17, 190),
(17, 191),
(17, 192),
(17, 193),
(17, 194),
(17, 195),
(17, 196),
(13, 197),
(6, 198),
(6, 199),
(13, 200),
(12, 201),
(14, 202),
(6, 203),
(6, 204),
(6, 205),
(6, 206),
(6, 207),
(6, 208),
(6, 209),
(6, 210),
(6, 211),
(6, 212),
(6, 213),
(12, 214),
(12, 215),
(12, 216),
(12, 217),
(6, 218),
(13, 219),
(6, 220),
(6, 221),
(6, 222),
(13, 223),
(19, 224),
(19, 225),
(12, 226),
(6, 227),
(13, 228),
(6, 229),
(13, 230),
(12, 231),
(17, 232),
(17, 233),
(17, 234),
(17, 235),
(17, 236),
(17, 237),
(17, 238),
(17, 239),
(17, 240),
(17, 241),
(17, 242),
(17, 243),
(17, 244),
(17, 245),
(17, 246),
(17, 247),
(17, 248),
(17, 249),
(17, 250),
(17, 251),
(17, 252),
(17, 253),
(17, 254),
(17, 255),
(17, 256),
(6, 257),
(6, 258),
(6, 259),
(13, 260),
(6, 260),
(13, 261),
(6, 261),
(6, 262),
(20, 262),
(6, 263),
(6, 264),
(6, 265),
(6, 266),
(14, 267),
(6, 268),
(6, 269),
(6, 270),
(6, 271),
(13, 272),
(13, 273),
(6, 274),
(6, 275),
(6, 276),
(12, 277),
(6, 278),
(12, 279),
(12, 280),
(6, 281),
(6, 282),
(6, 283),
(6, 284),
(21, 285),
(6, 286),
(6, 287),
(6, 288),
(6, 289),
(6, 290),
(6, 291),
(6, 292),
(6, 293),
(6, 294),
(6, 295),
(6, 296),
(6, 297),
(6, 298),
(6, 299),
(6, 300),
(6, 301),
(6, 302),
(6, 303),
(13, 303),
(6, 304),
(6, 305),
(6, 306),
(6, 307),
(6, 308),
(6, 309),
(6, 310),
(13, 311),
(6, 312),
(6, 313),
(6, 314),
(12, 315),
(6, 316),
(6, 317),
(6, 318),
(6, 319),
(6, 320),
(1, 321),
(2, 321),
(3, 321),
(4, 321),
(5, 321),
(17, 322),
(14, 323),
(6, 324),
(6, 325),
(12, 326),
(6, 327),
(6, 328),
(6, 329),
(6, 330),
(6, 331),
(6, 332),
(6, 333),
(6, 334),
(6, 335),
(6, 336),
(6, 337),
(6, 338),
(6, 339),
(6, 340),
(6, 341),
(6, 342),
(6, 343),
(6, 344),
(6, 345),
(6, 346),
(6, 347),
(6, 348),
(6, 349),
(6, 350),
(6, 351),
(6, 352),
(6, 353),
(6, 354),
(6, 355),
(6, 356),
(6, 357),
(13, 358),
(6, 359),
(6, 360),
(6, 361),
(13, 362),
(6, 363),
(13, 364),
(13, 365),
(6, 366),
(6, 367),
(12, 368),
(12, 369),
(14, 370),
(6, 371),
(13, 372),
(6, 373),
(13, 374),
(14, 375),
(6, 376),
(13, 377),
(6, 378),
(6, 379),
(17, 380),
(17, 381),
(6, 382),
(6, 383),
(6, 384),
(6, 385),
(13, 386),
(6, 387),
(6, 388),
(6, 389),
(6, 390),
(6, 391),
(6, 392),
(6, 393),
(6, 394),
(14, 395),
(12, 396),
(13, 397),
(6, 398),
(6, 399),
(23, 399),
(24, 399),
(6, 400),
(25, 400),
(26, 400),
(14, 401),
(12, 402),
(6, 403),
(27, 403),
(28, 404),
(6, 405),
(6, 406),
(6, 407),
(6, 408),
(12, 409),
(12, 410),
(6, 411),
(6, 412),
(6, 413),
(13, 414),
(6, 415),
(6, 416),
(6, 417),
(6, 418),
(6, 419),
(6, 420),
(6, 421),
(6, 422),
(6, 423),
(6, 424),
(6, 425),
(6, 426),
(6, 427),
(12, 428),
(12, 429),
(12, 430),
(12, 431),
(6, 432),
(6, 433),
(6, 434),
(6, 435),
(6, 436),
(6, 437),
(6, 438),
(6, 439),
(6, 440),
(6, 441),
(6, 442),
(6, 443),
(6, 444),
(13, 445),
(6, 446),
(6, 447),
(6, 448),
(6, 449),
(6, 450),
(6, 451),
(6, 452),
(6, 453),
(6, 454),
(6, 455),
(6, 456),
(6, 457),
(6, 458),
(6, 459),
(13, 460),
(6, 461),
(6, 462),
(1, 463),
(2, 463),
(3, 463),
(4, 463),
(5, 463),
(6, 464),
(1, 465),
(2, 465),
(3, 465),
(4, 465),
(5, 465),
(6, 466),
(1, 467),
(2, 467),
(3, 467),
(4, 467),
(5, 467),
(1, 468),
(2, 468),
(3, 468),
(4, 468),
(5, 468),
(6, 469),
(1, 470),
(2, 470),
(3, 470),
(4, 470),
(5, 470),
(1, 471),
(2, 471),
(3, 471),
(4, 471),
(5, 471),
(6, 472),
(12, 473),
(12, 474),
(6, 475),
(6, 476),
(6, 477),
(1, 478),
(2, 478),
(3, 478),
(4, 478),
(5, 478),
(12, 479),
(6, 569),
(6,570),
(6,571),
(6,572),
(6,573),
(6,574),
(6,575),
(6,576),
(6,577),
(6,578),
(6,579),
(6,580),
(6,581),
(6,582),
(6,583),
(6,584),
(6,585),
(6,586),
(6,587),
(6,588),
(6,589),
(6,590),
(6,591),
(6,592),
(6,593),
(6,594),
(6,595),
(6,596),
(6,597),
(6,598),
(6,599),
(6,600),
(6,601),
(6,602),
(6,603),
(6,604),
(6,605),
(6,606),
(6,607),
(6,608),
(6,609),
(6,610),
(6,611),
(6,612),
(6,613),
(6,614),
(6,615),
(6,616),
(6,617),
(6,618),
(6,619),
(6,620),
(6,621),
(6,622),
(6,623),
(6,624),
(6,625),
(6,626),
(6,627),
(6,628),
(6,629),
(6,630),
(6,631),
(6,632),
(6,633),
(6,634),
(6,635),
(6,636),
(6,637),
(6,638),
(6,639),
(6,640),
(6,641),
(6,642),
(6,643),
(6,644),
(6,645),
(6,646),
(6,647),
(6,648),
(6,649),
(6,650),
(6,651),
(6,652),
(6,653),
(6,654),
(6,655),
(6,656),
(6,657),
(6,658),
(6,659),
(6,660),
(6,661),
(6,662),
(6,663),
(6,664),
(6,665),
(6,666),
(6,667),
(6,668),
(6,669),
(6,670),
(6,671),
(6,672),
(6,673),
(6,674),
(6,675),
(6,676),
(6,677),
(6,678),
(6,679),
(6,680),
(6,681),
(6,682),
(6,683),
(6,684),
(6,685),
(6,686),
(6,687),
(6,688),
(6,689),
(6,690),
(6,691),
(6,692),
(6,693),
(6,694),
(6,695),
(6,696),
(6,697),
(6,698),
(6,699),
(6,700),
(6,701),
(6,702),
(6,703),
(6,704),
(6,705),
(6,706),
(6,707),
(6,708),
(6,709),
(6,710),
(6,711),
(6,712),
(6,713),
(6,714),
(6,715),
(6,716),
(6,717),
(6,718),
(6,719),
(6,720),
(6,721),
(6,722),
(6,723),
(6,724),
(6,725),
(6,726),
(6,727),
(6,728),
(6,729),
(6,730),
(6,731),
(6,732),
(6,733),
(6,734),
(6,735),
(6,736),
(6,737),
(6,738),
(6,739),
(6,740),
(6,741),
(6,742),
(6,743),
(6,744),
(6,745),
(6,746),
(6,747),
(6,748),
(6,749),
(6,750),
(6,751),
(6,752),
(6,753),
(6,754),
(6,755),
(6,756),
(6,757),
(6,758),
(6,759),
(6,760),
(6,761),
(6,762),
(6,763),
(6,764),
(6,765),
(6,766),
(6,767),
(6,768),
(6,769),
(6,770),
(6,771),
(6,772),
(6,773),
(6,774),
(6,775),
(6,776),
(6,777),
(6,778),
(6,779),
(6,780),
(6,781),
(6,782),
(6,783),
(6,784),
(6,785),
(6,786),
(6,787),
(6,788),
(6,789),
(6,790),
(6,791),
(6,792),
(6,793),
(6,794),
(6,795),
(6,796),
(6,797),
(6,798),
(6,799),
(6,800),
(6,801),
(6,802),
(6,803),
(6,804),
(6,805),
(6,806),
(6,807),
(6,808),
(6,809),
(6,810),
(6,811),
(6,812),
(6,813),
(6,814),
(6,815),
(6,816),
(6,817),
(6,818),
(6,819),
(6,820),
(6,821),
(6,822),
(6,823),
(6,824),
(6,825),
(6,826),
(6,827),
(6,828),
(6,829),
(6,830),
(6,831),
(6,832),
(6,833),
(6,834),
(6,835),
(6,836),
(6,837),
(6,838),
(6,839),
(6,840),
(6,841),
(6,842),
(6,843),
(6,844),
(6,845),
(6,846),
(6,847),
(6,848),
(6,849),
(6,850),
(6,851),
(6,852),
(6,853),
(6,854),
(6,855),
(6,856),
(6,857),
(6,858),
(6,859),
(6,860),
(6,861),
(6,862);

INSERT INTO `profiles` (`id`, `profile_id`, `study_id`, `order`, `created_at`, `updated_at`) VALUES
(1, 1, 1, 1, NULL, NULL),
(2, 2, 2, 1, NULL, NULL),
(3, 3, 3, 1, NULL, NULL),
(4, 4, 4, 1, NULL, NULL),
(5, 5, 5, 1, NULL, NULL),
(6, 6, 6, 1, NULL, NULL),
(7, 7, 7, 1, NULL, NULL),
(8, 8, 8, 1, NULL, NULL),
(9, 9, 9, 1, NULL, NULL),
(10, 10, 10, 1, NULL, NULL),
(11, 11, 11, 1, NULL, NULL),
(12, 12, 12, 1, NULL, NULL),
(13, 13, 13, 1, NULL, NULL),
(14, 14, 14, 1, NULL, NULL),
(15, 15, 15, 1, NULL, NULL),
(16, 16, 16, 1, NULL, NULL),
(17, 17, 17, 1, NULL, NULL),
(18, 18, 18, 1, NULL, NULL),
(19, 19, 19, 1, NULL, NULL),
(20, 20, 20, 1, NULL, NULL),
(21, 21, 21, 1, NULL, NULL),
(22, 22, 22, 1, NULL, NULL),
(23, 23, 23, 1, NULL, NULL),
(24, 24, 24, 1, NULL, NULL),
(25, 25, 25, 1, NULL, NULL),
(26, 26, 26, 1, NULL, NULL),
(27, 27, 27, 1, NULL, NULL),
(28, 28, 28, 1, NULL, NULL),
(29, 29, 29, 1, NULL, NULL),
(30, 30, 30, 1, NULL, NULL),
(31, 31, 31, 1, NULL, NULL),
(32, 32, 32, 1, NULL, NULL),
(33, 33, 33, 1, NULL, NULL),
(34, 34, 34, 1, NULL, NULL),
(35, 35, 35, 1, NULL, NULL),
(36, 36, 36, 1, NULL, NULL),
(37, 37, 37, 1, NULL, NULL),
(38, 38, 38, 1, NULL, NULL),
(39, 39, 39, 1, NULL, NULL),
(40, 40, 40, 1, NULL, NULL),
(41, 41, 41, 1, NULL, NULL),
(42, 42, 42, 1, NULL, NULL),
(43, 43, 43, 1, NULL, NULL),
(44, 44, 44, 1, NULL, NULL),
(45, 45, 45, 1, NULL, NULL),
(46, 46, 46, 1, NULL, NULL),
(47, 47, 47, 1, NULL, NULL),
(48, 48, 48, 1, NULL, NULL),
(49, 49, 49, 1, NULL, NULL),
(50, 50, 50, 1, NULL, NULL),
(51, 51, 51, 1, NULL, NULL),
(52, 52, 52, 1, NULL, NULL),
(53, 53, 53, 1, NULL, NULL),
(54, 54, 54, 1, NULL, NULL),
(55, 55, 55, 1, NULL, NULL),
(56, 56, 56, 1, NULL, NULL),
(57, 57, 57, 1, NULL, NULL),
(58, 58, 58, 1, NULL, NULL),
(59, 59, 59, 1, NULL, NULL),
(60, 60, 60, 1, NULL, NULL),
(61, 61, 61, 1, NULL, NULL),
(62, 62, 62, 1, NULL, NULL),
(63, 63, 63, 1, NULL, NULL),
(64, 64, 64, 1, NULL, NULL),
(65, 65, 65, 1, NULL, NULL),
(66, 66, 66, 1, NULL, NULL),
(67, 67, 67, 1, NULL, NULL),
(68, 68, 68, 1, NULL, NULL),
(69, 69, 69, 1, NULL, NULL),
(70, 70, 70, 1, NULL, NULL),
(71, 71, 71, 1, NULL, NULL),
(72, 72, 72, 1, NULL, NULL),
(73, 73, 73, 1, NULL, NULL),
(74, 74, 74, 1, NULL, NULL),
(75, 75, 75, 1, NULL, NULL),
(76, 76, 76, 1, NULL, NULL),
(77, 77, 77, 1, NULL, NULL),
(78, 78, 78, 1, NULL, NULL),
(79, 79, 79, 1, NULL, NULL),
(80, 80, 80, 1, NULL, NULL),
(81, 81, 81, 1, NULL, NULL),
(82, 82, 82, 1, NULL, NULL),
(83, 83, 83, 1, NULL, NULL),
(84, 84, 84, 1, NULL, NULL),
(85, 85, 85, 1, NULL, NULL),
(86, 86, 86, 1, NULL, NULL),
(87, 87, 87, 1, NULL, NULL),
(88, 88, 88, 1, NULL, NULL),
(89, 89, 89, 1, NULL, NULL),
(90, 90, 90, 1, NULL, NULL),
(91, 91, 91, 1, NULL, NULL),
(92, 92, 92, 1, NULL, NULL),
(93, 93, 93, 1, NULL, NULL),
(94, 94, 94, 1, NULL, NULL),
(95, 95, 95, 1, NULL, NULL),
(96, 96, 96, 1, NULL, NULL),
(97, 97, 97, 1, NULL, NULL),
(98, 98, 98, 1, NULL, NULL),
(99, 99, 99, 1, NULL, NULL),
(100, 100, 100, 1, NULL, NULL),
(101, 101, 101, 1, NULL, NULL),
(102, 102, 102, 1, NULL, NULL),
(103, 103, 103, 1, NULL, NULL),
(104, 104, 104, 1, NULL, NULL),
(105, 105, 105, 1, NULL, NULL),
(106, 106, 106, 1, NULL, NULL),
(107, 107, 107, 1, NULL, NULL),
(108, 108, 108, 1, NULL, NULL),
(109, 109, 109, 1, NULL, NULL),
(110, 110, 110, 1, NULL, NULL),
(111, 111, 111, 1, NULL, NULL),
(112, 112, 112, 1, NULL, NULL),
(113, 113, 113, 1, NULL, NULL),
(114, 114, 114, 1, NULL, NULL),
(115, 115, 115, 1, NULL, NULL),
(116, 116, 116, 1, NULL, NULL),
(117, 117, 117, 1, NULL, NULL),
(118, 118, 118, 1, NULL, NULL),
(119, 119, 119, 1, NULL, NULL),
(120, 120, 120, 1, NULL, NULL),
(121, 121, 121, 1, NULL, NULL),
(122, 122, 122, 1, NULL, NULL),
(123, 123, 123, 1, NULL, NULL),
(124, 124, 124, 1, NULL, NULL),
(125, 125, 125, 1, NULL, NULL),
(126, 126, 126, 1, NULL, NULL),
(127, 127, 127, 1, NULL, NULL),
(128, 128, 128, 1, NULL, NULL),
(129, 129, 129, 1, NULL, NULL),
(130, 130, 130, 1, NULL, NULL),
(131, 131, 131, 1, NULL, NULL),
(132, 132, 132, 1, NULL, NULL),
(133, 133, 133, 1, NULL, NULL),
(134, 134, 134, 1, NULL, NULL),
(135, 135, 135, 1, NULL, NULL),
(136, 136, 136, 1, NULL, NULL),
(137, 137, 137, 1, NULL, NULL),
(138, 138, 138, 1, NULL, NULL),
(139, 139, 139, 1, NULL, NULL),
(140, 140, 140, 1, NULL, NULL),
(141, 141, 141, 1, NULL, NULL),
(142, 142, 142, 1, NULL, NULL),
(143, 143, 143, 1, NULL, NULL),
(144, 144, 144, 1, NULL, NULL),
(145, 145, 145, 1, NULL, NULL),
(146, 146, 146, 1, NULL, NULL),
(147, 147, 147, 1, NULL, NULL),
(148, 148, 148, 1, NULL, NULL),
(149, 149, 149, 1, NULL, NULL),
(150, 150, 150, 1, NULL, NULL),
(151, 151, 151, 1, NULL, NULL),
(152, 152, 152, 1, NULL, NULL),
(153, 153, 153, 1, NULL, NULL),
(154, 154, 154, 1, NULL, NULL),
(155, 155, 155, 1, NULL, NULL),
(156, 156, 156, 1, NULL, NULL),
(157, 157, 157, 1, NULL, NULL),
(158, 158, 158, 1, NULL, NULL),
(159, 159, 159, 1, NULL, NULL),
(160, 160, 160, 1, NULL, NULL),
(161, 161, 161, 1, NULL, NULL),
(162, 162, 162, 1, NULL, NULL),
(163, 163, 163, 1, NULL, NULL),
(164, 164, 164, 1, NULL, NULL),
(165, 165, 165, 1, NULL, NULL),
(166, 166, 166, 1, NULL, NULL),
(167, 167, 167, 1, NULL, NULL),
(168, 168, 168, 1, NULL, NULL),
(169, 169, 169, 1, NULL, NULL),
(170, 170, 170, 1, NULL, NULL),
(171, 171, 171, 1, NULL, NULL),
(172, 172, 172, 1, NULL, NULL),
(173, 173, 173, 1, NULL, NULL),
(174, 174, 174, 1, NULL, NULL),
(175, 175, 175, 1, NULL, NULL),
(176, 176, 176, 1, NULL, NULL),
(177, 177, 177, 1, NULL, NULL),
(178, 178, 178, 1, NULL, NULL),
(179, 179, 179, 1, NULL, NULL),
(180, 180, 180, 1, NULL, NULL),
(181, 181, 181, 1, NULL, NULL),
(182, 182, 182, 1, NULL, NULL),
(183, 183, 183, 1, NULL, NULL),
(184, 184, 184, 1, NULL, NULL),
(185, 185, 185, 1, NULL, NULL),
(186, 186, 186, 1, NULL, NULL),
(187, 187, 187, 1, NULL, NULL),
(188, 188, 188, 1, NULL, NULL),
(189, 189, 189, 1, NULL, NULL),
(190, 190, 190, 1, NULL, NULL),
(191, 191, 191, 1, NULL, NULL),
(192, 192, 192, 1, NULL, NULL),
(193, 193, 193, 1, NULL, NULL),
(194, 194, 194, 1, NULL, NULL),
(195, 195, 195, 1, NULL, NULL),
(196, 196, 196, 1, NULL, NULL),
(197, 197, 197, 1, NULL, NULL),
(198, 198, 198, 1, NULL, NULL),
(199, 199, 199, 1, NULL, NULL),
(200, 200, 200, 1, NULL, NULL),
(201, 201, 201, 1, NULL, NULL),
(202, 202, 202, 1, NULL, NULL),
(203, 203, 203, 1, NULL, NULL),
(204, 204, 204, 1, NULL, NULL),
(205, 205, 205, 1, NULL, NULL),
(206, 206, 206, 1, NULL, NULL),
(207, 207, 207, 1, NULL, NULL),
(208, 208, 208, 1, NULL, NULL),
(209, 209, 209, 1, NULL, NULL),
(210, 210, 210, 1, NULL, NULL),
(211, 211, 211, 1, NULL, NULL),
(212, 212, 212, 1, NULL, NULL),
(213, 213, 213, 1, NULL, NULL),
(214, 214, 214, 1, NULL, NULL),
(215, 215, 215, 1, NULL, NULL),
(216, 216, 216, 1, NULL, NULL),
(217, 217, 217, 1, NULL, NULL),
(218, 218, 218, 1, NULL, NULL),
(219, 219, 219, 1, NULL, NULL),
(220, 220, 220, 1, NULL, NULL),
(221, 221, 221, 1, NULL, NULL),
(222, 222, 222, 1, NULL, NULL),
(223, 223, 223, 1, NULL, NULL),
(224, 224, 224, 1, NULL, NULL),
(225, 225, 225, 1, NULL, NULL),
(226, 226, 226, 1, NULL, NULL),
(227, 227, 227, 1, NULL, NULL),
(228, 228, 228, 1, NULL, NULL),
(229, 229, 229, 1, NULL, NULL),
(230, 230, 230, 1, NULL, NULL),
(231, 231, 231, 1, NULL, NULL),
(232, 232, 232, 1, NULL, NULL),
(233, 233, 233, 1, NULL, NULL),
(234, 234, 234, 1, NULL, NULL),
(235, 235, 235, 1, NULL, NULL),
(236, 236, 236, 1, NULL, NULL),
(237, 237, 237, 1, NULL, NULL),
(238, 238, 238, 1, NULL, NULL),
(239, 239, 239, 1, NULL, NULL),
(240, 240, 240, 1, NULL, NULL),
(241, 241, 241, 1, NULL, NULL),
(242, 242, 242, 1, NULL, NULL),
(243, 243, 243, 1, NULL, NULL),
(244, 244, 244, 1, NULL, NULL),
(245, 245, 245, 1, NULL, NULL),
(246, 246, 246, 1, NULL, NULL),
(247, 247, 247, 1, NULL, NULL),
(248, 248, 248, 1, NULL, NULL),
(249, 249, 249, 1, NULL, NULL),
(250, 250, 250, 1, NULL, NULL),
(251, 251, 251, 1, NULL, NULL),
(252, 252, 252, 1, NULL, NULL),
(253, 253, 253, 1, NULL, NULL),
(254, 254, 254, 1, NULL, NULL),
(255, 255, 255, 1, NULL, NULL),
(256, 256, 256, 1, NULL, NULL),
(257, 257, 257, 1, NULL, NULL),
(258, 258, 258, 1, NULL, NULL),
(259, 259, 259, 1, NULL, NULL),
(260, 260, 260, 1, NULL, NULL),
(261, 261, 261, 1, NULL, NULL),
(262, 262, 262, 1, NULL, NULL),
(263, 263, 263, 1, NULL, NULL),
(264, 264, 264, 1, NULL, NULL),
(265, 265, 265, 1, NULL, NULL),
(266, 266, 266, 1, NULL, NULL),
(267, 267, 267, 1, NULL, NULL),
(268, 268, 268, 1, NULL, NULL),
(269, 269, 269, 1, NULL, NULL),
(270, 270, 270, 1, NULL, NULL),
(271, 271, 271, 1, NULL, NULL),
(272, 272, 272, 1, NULL, NULL),
(273, 273, 273, 1, NULL, NULL),
(274, 274, 274, 1, NULL, NULL),
(275, 275, 275, 1, NULL, NULL),
(276, 276, 276, 1, NULL, NULL),
(277, 277, 277, 1, NULL, NULL),
(278, 278, 278, 1, NULL, NULL),
(279, 279, 279, 1, NULL, NULL),
(280, 280, 280, 1, NULL, NULL),
(281, 281, 281, 1, NULL, NULL),
(282, 282, 282, 1, NULL, NULL),
(283, 283, 283, 1, NULL, NULL),
(284, 284, 284, 1, NULL, NULL),
(285, 285, 285, 1, NULL, NULL),
(286, 286, 286, 1, NULL, NULL),
(287, 287, 287, 1, NULL, NULL),
(288, 288, 288, 1, NULL, NULL),
(289, 289, 289, 1, NULL, NULL),
(290, 290, 290, 1, NULL, NULL),
(291, 291, 291, 1, NULL, NULL),
(292, 292, 292, 1, NULL, NULL),
(293, 293, 293, 1, NULL, NULL),
(294, 294, 294, 1, NULL, NULL),
(295, 295, 295, 1, NULL, NULL),
(296, 296, 296, 1, NULL, NULL),
(297, 297, 297, 1, NULL, NULL),
(298, 298, 298, 1, NULL, NULL),
(299, 299, 299, 1, NULL, NULL),
(300, 300, 300, 1, NULL, NULL),
(301, 301, 301, 1, NULL, NULL),
(302, 302, 302, 1, NULL, NULL),
(303, 303, 303, 1, NULL, NULL),
(304, 304, 304, 1, NULL, NULL),
(305, 305, 305, 1, NULL, NULL),
(306, 306, 306, 1, NULL, NULL),
(307, 307, 307, 1, NULL, NULL),
(308, 308, 308, 1, NULL, NULL),
(309, 309, 309, 1, NULL, NULL),
(310, 310, 310, 1, NULL, NULL),
(311, 311, 311, 1, NULL, NULL),
(312, 312, 312, 1, NULL, NULL),
(313, 313, 313, 1, NULL, NULL),
(314, 314, 314, 1, NULL, NULL),
(315, 315, 315, 1, NULL, NULL),
(316, 316, 316, 1, NULL, NULL),
(317, 317, 317, 1, NULL, NULL),
(318, 318, 318, 1, NULL, NULL),
(319, 319, 319, 1, NULL, NULL),
(320, 320, 320, 1, NULL, NULL),
(321, 321, 321, 1, NULL, NULL),
(322, 322, 322, 1, NULL, NULL),
(323, 323, 323, 1, NULL, NULL),
(324, 324, 324, 1, NULL, NULL),
(325, 325, 325, 1, NULL, NULL),
(326, 326, 326, 1, NULL, NULL),
(327, 327, 327, 1, NULL, NULL),
(328, 328, 328, 1, NULL, NULL),
(329, 329, 329, 1, NULL, NULL),
(330, 330, 330, 1, NULL, NULL),
(331, 331, 331, 1, NULL, NULL),
(332, 332, 332, 1, NULL, NULL),
(333, 333, 333, 1, NULL, NULL),
(334, 334, 334, 1, NULL, NULL),
(335, 335, 335, 1, NULL, NULL),
(336, 336, 336, 1, NULL, NULL),
(337, 337, 337, 1, NULL, NULL),
(338, 338, 338, 1, NULL, NULL),
(339, 339, 339, 1, NULL, NULL),
(340, 340, 340, 1, NULL, NULL),
(341, 341, 341, 1, NULL, NULL),
(342, 342, 342, 1, NULL, NULL),
(343, 343, 343, 1, NULL, NULL),
(344, 344, 344, 1, NULL, NULL),
(345, 345, 345, 1, NULL, NULL),
(346, 346, 346, 1, NULL, NULL),
(347, 347, 347, 1, NULL, NULL),
(348, 348, 348, 1, NULL, NULL),
(349, 349, 349, 1, NULL, NULL),
(350, 350, 350, 1, NULL, NULL),
(351, 351, 351, 1, NULL, NULL),
(352, 352, 352, 1, NULL, NULL),
(353, 353, 353, 1, NULL, NULL),
(354, 354, 354, 1, NULL, NULL),
(355, 355, 355, 1, NULL, NULL),
(356, 356, 356, 1, NULL, NULL),
(357, 357, 357, 1, NULL, NULL),
(358, 358, 358, 1, NULL, NULL),
(359, 359, 359, 1, NULL, NULL),
(360, 360, 360, 1, NULL, NULL),
(361, 361, 361, 1, NULL, NULL),
(362, 362, 362, 1, NULL, NULL),
(363, 363, 363, 1, NULL, NULL),
(364, 364, 364, 1, NULL, NULL),
(365, 365, 365, 1, NULL, NULL),
(366, 366, 366, 1, NULL, NULL),
(367, 367, 367, 1, NULL, NULL),
(368, 368, 368, 1, NULL, NULL),
(369, 369, 369, 1, NULL, NULL),
(370, 370, 370, 1, NULL, NULL),
(371, 371, 371, 1, NULL, NULL),
(372, 372, 372, 1, NULL, NULL),
(373, 373, 373, 1, NULL, NULL),
(374, 374, 374, 1, NULL, NULL),
(375, 375, 375, 1, NULL, NULL),
(376, 376, 376, 1, NULL, NULL),
(377, 377, 377, 1, NULL, NULL),
(378, 378, 378, 1, NULL, NULL),
(379, 379, 379, 1, NULL, NULL),
(380, 380, 380, 1, NULL, NULL),
(381, 381, 381, 1, NULL, NULL),
(382, 382, 382, 1, NULL, NULL),
(383, 383, 383, 1, NULL, NULL),
(384, 384, 384, 1, NULL, NULL),
(385, 385, 385, 1, NULL, NULL),
(386, 386, 386, 1, NULL, NULL),
(387, 387, 387, 1, NULL, NULL),
(388, 388, 388, 1, NULL, NULL),
(389, 389, 389, 1, NULL, NULL),
(390, 390, 390, 1, NULL, NULL),
(391, 391, 391, 1, NULL, NULL),
(392, 392, 392, 1, NULL, NULL),
(393, 393, 393, 1, NULL, NULL),
(394, 394, 394, 1, NULL, NULL),
(395, 395, 395, 1, NULL, NULL),
(396, 396, 396, 1, NULL, NULL),
(397, 397, 397, 1, NULL, NULL),
(398, 398, 398, 1, NULL, NULL),
(399, 399, 399, 1, NULL, NULL),
(400, 400, 400, 1, NULL, NULL),
(401, 401, 401, 1, NULL, NULL),
(402, 402, 402, 1, NULL, NULL),
(403, 403, 403, 1, NULL, NULL),
(404, 404, 404, 1, NULL, NULL),
(405, 405, 405, 1, NULL, NULL),
(406, 406, 406, 1, NULL, NULL),
(407, 407, 407, 1, NULL, NULL),
(408, 408, 408, 1, NULL, NULL),
(409, 409, 409, 1, NULL, NULL),
(410, 410, 410, 1, NULL, NULL),
(411, 411, 411, 1, NULL, NULL),
(412, 412, 412, 1, NULL, NULL),
(413, 413, 413, 1, NULL, NULL),
(414, 414, 414, 1, NULL, NULL),
(415, 415, 415, 1, NULL, NULL),
(416, 416, 416, 1, NULL, NULL),
(417, 417, 417, 1, NULL, NULL),
(418, 418, 418, 1, NULL, NULL),
(419, 419, 419, 1, NULL, NULL),
(420, 420, 420, 1, NULL, NULL),
(421, 421, 421, 1, NULL, NULL),
(422, 422, 422, 1, NULL, NULL),
(423, 423, 423, 1, NULL, NULL),
(424, 424, 424, 1, NULL, NULL),
(425, 425, 425, 1, NULL, NULL),
(426, 426, 426, 1, NULL, NULL),
(427, 427, 427, 1, NULL, NULL),
(428, 428, 428, 1, NULL, NULL),
(429, 429, 429, 1, NULL, NULL),
(430, 430, 430, 1, NULL, NULL),
(431, 431, 431, 1, NULL, NULL),
(432, 432, 432, 1, NULL, NULL),
(433, 433, 433, 1, NULL, NULL),
(434, 434, 434, 1, NULL, NULL),
(435, 435, 435, 1, NULL, NULL),
(436, 436, 436, 1, NULL, NULL),
(437, 437, 437, 1, NULL, NULL),
(438, 438, 438, 1, NULL, NULL),
(439, 439, 439, 1, NULL, NULL),
(440, 440, 440, 1, NULL, NULL),
(441, 441, 441, 1, NULL, NULL),
(442, 442, 442, 1, NULL, NULL),
(443, 443, 443, 1, NULL, NULL),
(444, 444, 444, 1, NULL, NULL),
(445, 445, 445, 1, NULL, NULL),
(446, 446, 446, 1, NULL, NULL),
(447, 447, 447, 1, NULL, NULL),
(448, 448, 448, 1, NULL, NULL),
(449, 449, 449, 1, NULL, NULL),
(450, 450, 450, 1, NULL, NULL),
(451, 451, 451, 1, NULL, NULL),
(452, 452, 452, 1, NULL, NULL),
(453, 453, 453, 1, NULL, NULL),
(454, 454, 454, 1, NULL, NULL),
(455, 455, 455, 1, NULL, NULL),
(456, 456, 456, 1, NULL, NULL),
(457, 457, 457, 1, NULL, NULL),
(458, 458, 458, 1, NULL, NULL),
(459, 459, 459, 1, NULL, NULL),
(460, 460, 460, 1, NULL, NULL),
(461, 461, 461, 1, NULL, NULL),
(462, 462, 462, 1, NULL, NULL),
(463, 463, 463, 1, NULL, NULL),
(464, 464, 464, 1, NULL, NULL),
(465, 465, 465, 1, NULL, NULL),
(466, 466, 466, 1, NULL, NULL),
(467, 467, 467, 1, NULL, NULL),
(468, 468, 468, 1, NULL, NULL),
(469, 469, 469, 1, NULL, NULL),
(470, 470, 470, 1, NULL, NULL),
(471, 471, 471, 1, NULL, NULL),
(472, 472, 472, 1, NULL, NULL),
(473, 473, 473, 1, NULL, NULL),
(474, 474, 474, 1, NULL, NULL),
(475, 475, 475, 1, NULL, NULL),
(476, 476, 476, 1, NULL, NULL),
(477, 477, 477, 1, NULL, NULL),
(478, 478, 478, 1, NULL, NULL),
(479, 479, 479, 1, NULL, NULL),
(480, 480, 281, 1, NULL, NULL),
(481, 480, 340, 2, NULL, NULL),
(482, 480, 341, 3, NULL, NULL),
(483, 480, 389, 4, NULL, NULL),
(484, 481, 340, 1, NULL, NULL),
(485, 481, 341, 2, NULL, NULL),
(486, 481, 424, 3, NULL, NULL),
(487, 482, 121, 1, NULL, NULL),
(488, 482, 218, 2, NULL, NULL),
(489, 482, 257, 3, NULL, NULL),
(490, 482, 388, 4, NULL, NULL),
(491, 482, 424, 5, NULL, NULL),
(492, 483, 61, 1, NULL, NULL),
(493, 483, 25, 2, NULL, NULL),
(494, 483, 10, 3, NULL, NULL),
(495, 483, 56, 4, NULL, NULL),
(496, 483, 124, 5, NULL, NULL),
(497, 484, 81, 1, NULL, NULL),
(498, 484, 82, 2, NULL, NULL),
(499, 484, 80, 3, NULL, NULL),
(500, 484, 61, 4, NULL, NULL),
(501, 484, 185, 5, NULL, NULL),
(502, 485, 81, 1, NULL, NULL),
(503, 485, 82, 2, NULL, NULL),
(504, 485, 80, 3, NULL, NULL),
(505, 485, 72, 4, NULL, NULL),
(506, 485, 79, 5, NULL, NULL),
(507, 486, 61, 1, NULL, NULL),
(508, 486, 25, 2, NULL, NULL),
(509, 486, 56, 3, NULL, NULL),
(510, 486, 208, 4, NULL, NULL),
(511, 486, 209, 5, NULL, NULL),
(512, 487, 154, 1, NULL, NULL),
(513, 487, 152, 2, NULL, NULL),
(514, 487, 153, 3, NULL, NULL),
(515, 488, 136, 1, NULL, NULL),
(516, 488, 220, 2, NULL, NULL),
(517, 488, 221, 3, NULL, NULL),
(518, 488, 355, 4, NULL, NULL),
(519, 489, 103, 1, NULL, NULL),
(520, 489, 184, 2, NULL, NULL),
(521, 489, 267, 3, NULL, NULL),
(522, 489, 374, 4, NULL, NULL),
(523, 490, 104, 1, NULL, NULL),
(524, 490, 183, 2, NULL, NULL),
(525, 490, 266, 3, NULL, NULL),
(526, 490, 373, 4, NULL, NULL),
(527, 491, 281, 1, NULL, NULL),
(528, 491, 341, 2, NULL, NULL),
(529, 491, 340, 3, NULL, NULL),
(530, 492, 203, 1, NULL, NULL),
(531, 492, 204, 2, NULL, NULL),
(532, 492, 205, 3, NULL, NULL),
(533, 492, 206, 4, NULL, NULL),
(534, 493, 109, 1, NULL, NULL),
(535, 493, 105, 2, NULL, NULL),
(536, 493, 154, 3, NULL, NULL),
(537, 493, 152, 4, NULL, NULL),
(538, 493, 153, 5, NULL, NULL),
(539, 493, 203, 6, NULL, NULL),
(540, 493, 308, 7, NULL, NULL),
(541, 493, 317, 8, NULL, NULL),
(542, 493, 438, 9, NULL, NULL),
(543, 494, 281, 1, NULL, NULL),
(544, 494, 339, 2, NULL, NULL),
(545, 494, 340, 3, NULL, NULL),
(546, 494, 341, 4, NULL, NULL),
(547, 494, 344, 5, NULL, NULL),
(548, 494, 389, 6, NULL, NULL),
(549, 494, 441, 7, NULL, NULL),
(550, 494, 435, 8, NULL, NULL),
(551, 495, 96, 1, NULL, NULL),
(552, 495, 155, 2, NULL, NULL),
(553, 495, 461, 3, NULL, NULL),
(554, 495, 301, 4, NULL, NULL),
(555, 495, 330, 5, NULL, NULL),
(556, 495, 462, 6, NULL, NULL),
(557, 495, 437, 7, NULL, NULL),
(558, 495, 450, 8, NULL, NULL),
(559, 496, 81, 1, NULL, NULL),
(560, 496, 82, 2, NULL, NULL),
(561, 496, 80, 3, NULL, NULL),
(562, 496, 72, 4, NULL, NULL),
(563, 496, 79, 5, NULL, NULL),
(564, 497, 98, 1, NULL, NULL),
(565, 497, 61, 2, NULL, NULL),
(566, 497, 289, 3, NULL, NULL),
(567, 497, 392, 4, NULL, NULL),
(568, 498, 202, 1, NULL, NULL),
(569, 498, 175, 2, NULL, NULL),
(570, 499, 122, 1, NULL, NULL),
(571, 499, 202, 2, NULL, NULL),
(572, 499, 175, 3, NULL, NULL),
(573, 500, 122, 1, NULL, NULL),
(574, 500, 147, 2, NULL, NULL),
(575, 500, 146, 3, NULL, NULL),
(576, 500, 202, 4, NULL, NULL),
(577, 500, 175, 5, NULL, NULL),
(578, 500, 375, 6, NULL, NULL),
(579, 501, 38, 1, NULL, NULL),
(580, 501, 39, 2, NULL, NULL),
(581, 501, 94, 3, NULL, NULL),
(582, 501, 93, 4, NULL, NULL),
(583, 501, 131, 5, NULL, NULL),
(584, 501, 128, 6, NULL, NULL),
(585, 501, 5, 7, NULL, NULL),
(586, 502, 38, 1, NULL, NULL),
(587, 502, 39, 2, NULL, NULL),
(588, 502, 94, 3, NULL, NULL),
(589, 502, 93, 4, NULL, NULL),
(590, 502, 128, 5, NULL, NULL),
(591, 502, 5, 6, NULL, NULL),
(592, 502, 131, 7, NULL, NULL),
(593, 502, 7, 8, NULL, NULL),
(594, 502, 40, 9, NULL, NULL),
(595, 503, 38, 1, NULL, NULL),
(596, 503, 39, 2, NULL, NULL),
(597, 503, 7, 3, NULL, NULL),
(598, 503, 131, 4, NULL, NULL),
(599, 503, 5, 5, NULL, NULL),
(600, 503, 128, 6, NULL, NULL),
(601, 503, 94, 7, NULL, NULL),
(602, 503, 93, 8, NULL, NULL),
(603, 503, 40, 9, NULL, NULL),
(604, 503, 41, 10, NULL, NULL),
(605, 504, 462, 1, NULL, NULL),
(606, 504, 461, 2, NULL, NULL),
(607, 504, 330, 3, NULL, NULL),
(608, 505, 348, 1, NULL, NULL),
(609, 505, 350, 2, NULL, NULL),
(610, 505, 351, 3, NULL, NULL),
(611, 505, 352, 4, NULL, NULL),
(612, 506, 203, 1, NULL, NULL),
(613, 506, 204, 2, NULL, NULL),
(614, 506, 205, 3, NULL, NULL),
(615, 506, 206, 4, NULL, NULL),
(616, 506, 343, 5, NULL, NULL),
(617, 506, 359, 6, NULL, NULL),
(618, 506, 438, 7, NULL, NULL),
(619, 507, 203, 1, NULL, NULL),
(620, 507, 204, 2, NULL, NULL),
(621, 507, 205, 3, NULL, NULL),
(622, 507, 206, 4, NULL, NULL),
(623, 507, 466, 5, NULL, NULL),
(624, 507, 359, 6, NULL, NULL),
(625, 507, 438, 7, NULL, NULL),
(626, 508, 203, 1, NULL, NULL),
(627, 508, 204, 2, NULL, NULL),
(628, 508, 205, 3, NULL, NULL),
(629, 508, 206, 4, NULL, NULL),
(630, 508, 270, 5, NULL, NULL),
(631, 508, 466, 6, NULL, NULL),
(632, 508, 359, 7, NULL, NULL),
(633, 508, 438, 8, NULL, NULL),
(634, 509, 61, 1, NULL, NULL),
(635, 509, 208, 2, NULL, NULL),
(636, 509, 209, 3, NULL, NULL),
(637, 509, 210, 4, NULL, NULL),
(638, 509, 185, 5, NULL, NULL),
(639, 509, 420, 6, NULL, NULL),
(640, 510, 170, 1, NULL, NULL),
(641, 510, 171, 2, NULL, NULL),
(642, 510, 260, 3, NULL, NULL),
(643, 510, 308, 4, NULL, NULL),
(644, 510, 376, 5, NULL, NULL),
(645, 510, 404, 6, NULL, NULL),
(646, 511, 320, 1, NULL, NULL),
(647, 511, 329, 2, NULL, NULL),
(648, 511, 353, 3, NULL, NULL),
(649, 511, 472, 4, NULL, NULL),
(650, 512, 203, 1, NULL, NULL),
(651, 512, 285, 2, NULL, NULL),
(652, 512, 320, 3, NULL, NULL),
(653, 512, 329, 4, NULL, NULL),
(654, 512, 353, 5, NULL, NULL),
(655, 512, 382, 6, NULL, NULL),
(656, 512, 365, 7, NULL, NULL),
(657, 512, 438, 8, NULL, NULL),
(658, 513, 281, 1, NULL, NULL),
(659, 513, 283, 2, NULL, NULL),
(660, 513, 340, 3, NULL, NULL),
(661, 513, 341, 4, NULL, NULL),
(662, 513, 389, 5, NULL, NULL),
(663, 513, 424, 6, NULL, NULL),
(664, 513, 388, 7, NULL, NULL),
(665, 514, 38, 1, NULL, NULL),
(666, 514, 94, 2, NULL, NULL),
(667, 514, 40, 3, NULL, NULL),
(668, 515, 38, 1, NULL, NULL),
(669, 515, 94, 2, NULL, NULL),
(670, 515, 40, 3, NULL, NULL),
(671, 515, 41, 4, NULL, NULL),
(672, 515, 42, 5, NULL, NULL),
(673, 516, 38, 1, NULL, NULL),
(674, 516, 39, 2, NULL, NULL),
(675, 516, 94, 3, NULL, NULL),
(676, 516, 93, 4, NULL, NULL),
(677, 516, 40, 5, NULL, NULL),
(678, 516, 41, 6, NULL, NULL),
(679, 516, 42, 7, NULL, NULL),
(680, 517, 38, 1, NULL, NULL),
(681, 517, 39, 2, NULL, NULL),
(682, 518, 340, 1, NULL, NULL),
(683, 518, 341, 2, NULL, NULL),
(684, 518, 338, 3, NULL, NULL),
(685, 518, 339, 4, NULL, NULL),
(686, 518, 335, 5, NULL, NULL),
(687, 518, 389, 6, NULL, NULL),
(688, 519, 218, 1, NULL, NULL),
(689, 519, 283, 2, NULL, NULL),
(690, 519, 281, 3, NULL, NULL),
(691, 519, 340, 4, NULL, NULL),
(692, 519, 341, 5, NULL, NULL),
(693, 519, 338, 6, NULL, NULL),
(694, 519, 339, 7, NULL, NULL),
(695, 519, 389, 8, NULL, NULL),
(696, 519, 388, 9, NULL, NULL),
(697, 519, 424, 10, NULL, NULL),
(698, 520, 218, 1, NULL, NULL),
(699, 520, 281, 2, NULL, NULL),
(700, 520, 283, 3, NULL, NULL),
(701, 520, 340, 4, NULL, NULL),
(702, 520, 341, 5, NULL, NULL),
(703, 520, 339, 6, NULL, NULL),
(704, 520, 338, 7, NULL, NULL),
(705, 520, 344, 8, NULL, NULL),
(706, 520, 389, 9, NULL, NULL),
(707, 520, 388, 10, NULL, NULL),
(708, 520, 424, 11, NULL, NULL),
(709, 520, 420, 12, NULL, NULL),
(710, 520, 441, 13, NULL, NULL),
(711, 520, 435, 14, NULL, NULL),
(712, 520, 436, 15, NULL, NULL),
(713, 520, 458, 16, NULL, NULL),
(714, 521, 218, 1, NULL, NULL),
(715, 521, 281, 2, NULL, NULL),
(716, 521, 340, 3, NULL, NULL),
(717, 521, 341, 4, NULL, NULL),
(718, 521, 339, 5, NULL, NULL),
(719, 521, 338, 6, NULL, NULL),
(720, 521, 389, 7, NULL, NULL),
(721, 521, 388, 8, NULL, NULL),
(722, 521, 424, 9, NULL, NULL),
(723, 521, 423, 10, NULL, NULL),
(724, 522, 218, 1, NULL, NULL),
(725, 522, 281, 2, NULL, NULL),
(726, 522, 340, 3, NULL, NULL),
(727, 522, 341, 4, NULL, NULL),
(728, 522, 338, 5, NULL, NULL),
(729, 522, 339, 6, NULL, NULL),
(730, 522, 344, 7, NULL, NULL),
(731, 522, 388, 8, NULL, NULL),
(732, 522, 389, 9, NULL, NULL),
(733, 522, 424, 10, NULL, NULL),
(734, 522, 423, 11, NULL, NULL),
(735, 522, 420, 12, NULL, NULL),
(736, 522, 441, 13, NULL, NULL),
(737, 522, 435, 14, NULL, NULL),
(738, 522, 436, 15, NULL, NULL),
(739, 522, 458, 16, NULL, NULL),
(740, 523, 187, 1, NULL, NULL),
(741, 523, 473, 2, NULL, NULL),
(742, 523, 369, 3, NULL, NULL),
(743, 523, 474, 4, NULL, NULL),
(744, 523, 479, 5, NULL, NULL),
(745, 524, 115, 6, NULL, NULL),
(746, 524, 125, 7, NULL, NULL),
(747, 524, 312, 8, NULL, NULL),
(748, 525, 125, 1, NULL, NULL),
(749, 525, 165, 2, NULL, NULL),
(750, 526, 125, 1, NULL, NULL),
(751, 526, 167, 2, NULL, NULL),
(752, 526, 165, 3, NULL, NULL),
(753, 527, 115, 1, NULL, NULL),
(754, 527, 125, 2, NULL, NULL),
(755, 527, 165, 3, NULL, NULL),
(756, 528, 125, 1, NULL, NULL),
(757, 528, 164, 2, NULL, NULL),
(758, 529, 115, 1, NULL, NULL),
(759, 529, 125, 2, NULL, NULL),
(760, 529, 149, 3, NULL, NULL),
(761, 530, 125, 1, NULL, NULL),
(762, 530, 163, 2, NULL, NULL),
(763, 530, 167, 3, NULL, NULL),
(764, 531, 125, 1, NULL, NULL),
(765, 531, 165, 2, NULL, NULL),
(766, 532, 129, 1, NULL, NULL),
(767, 532, 130, 2, NULL, NULL),
(768, 532, 306, 3, NULL, NULL),
(769, 533, 115, 1, NULL, NULL),
(770, 533, 151, 2, NULL, NULL),
(771, 533, 312, 3, NULL, NULL),
(772, 534, 125, 1, NULL, NULL),
(773, 534, 432, 2, NULL, NULL),
(774, 535, 470, 1, NULL, NULL),
(775, 535, 478, 2, NULL, NULL),
(776, 535, 463, 3, NULL, NULL),
(777, 536, 467, 1, NULL, NULL),
(778, 536, 471, 2, NULL, NULL),
(779, 536, 470, 3, NULL, NULL),
(780, 536, 478, 4, NULL, NULL),
(781, 536, 2, 5, NULL, NULL),
(782, 536, 463, 6, NULL, NULL),
(783, 537, 465, 1, NULL, NULL),
(784, 537, 321, 2, NULL, NULL),
(785, 537, 468, 3, NULL, NULL),
(786, 537, 470, 4, NULL, NULL),
(787, 537, 471, 5, NULL, NULL),
(788, 537, 478, 6, NULL, NULL),
(789, 537, 2, 7, NULL, NULL),
(790, 537, 463, 8, NULL, NULL),
(791, 538, 281, 1, NULL, NULL),
(792, 538, 341, 2, NULL, NULL),
(793, 538, 389, 3, NULL, NULL),
(794, 539, 127, 1, NULL, NULL),
(795, 539, 49, 2, NULL, NULL),
(796, 539, 149, 3, NULL, NULL),
(797, 540, 170, 1, NULL, NULL),
(798, 540, 173, 2, NULL, NULL),
(799, 540, 310, 3, NULL, NULL),
(800, 540, 342, 4, NULL, NULL),
(801, 541, 222, 1, NULL, NULL),
(802, 541, 155, 2, NULL, NULL),
(803, 541, 285, 3, NULL, NULL),
(804, 541, 320, 4, NULL, NULL),
(805, 541, 325, 5, NULL, NULL),
(806, 541, 444, 6, NULL, NULL),
(807, 541, 446, 7, NULL, NULL),
(808, 542, 85, 1, NULL, NULL),
(809, 542, 75, 2, NULL, NULL),
(810, 542, 49, 3, NULL, NULL),
(811, 542, 155, 4, NULL, NULL),
(812, 542, 222, 5, NULL, NULL),
(813, 542, 320, 6, NULL, NULL),
(814, 542, 285, 7, NULL, NULL),
(815, 542, 325, 8, NULL, NULL),
(816, 542, 446, 9, NULL, NULL),
(817, 542, 444, 10, NULL, NULL),
(818, 543, 155, 1, NULL, NULL),
(819, 543, 222, 2, NULL, NULL),
(820, 543, 285, 3, NULL, NULL),
(821, 543, 325, 4, NULL, NULL),
(822, 543, 320, 5, NULL, NULL),
(823, 543, 425, 6, NULL, NULL),
(824, 543, 427, 7, NULL, NULL),
(825, 543, 444, 8, NULL, NULL),
(826, 544, 129, 1, NULL, NULL),
(827, 544, 307, 2, NULL, NULL),
(828, 544, 306, 3, NULL, NULL),
(829, 545, 129, 1, NULL, NULL),
(830, 545, 130, 2, NULL, NULL),
(831, 545, 307, 3, NULL, NULL),
(832, 545, 306, 4, NULL, NULL),
(833, 545, 308, 5, NULL, NULL),
(834, 546, 245, 1, NULL, NULL),
(835, 546, 222, 2, NULL, NULL),
(836, 546, 260, 3, NULL, NULL),
(837, 546, 285, 4, NULL, NULL),
(838, 546, 444, 5, NULL, NULL),
(839, 547, 222, 1, NULL, NULL),
(840, 547, 260, 2, NULL, NULL),
(841, 547, 285, 3, NULL, NULL),
(842, 547, 475, 4, NULL, NULL),
(843, 547, 444, 5, NULL, NULL),
(844, 548, 123, 1, NULL, NULL),
(845, 548, 98, 2, NULL, NULL),
(846, 548, 233, 3, NULL, NULL),
(847, 548, 289, 4, NULL, NULL),
(848, 548, 392, 5, NULL, NULL),
(849, 548, 447, 6, NULL, NULL),
(850, 549, 111, 1, NULL, NULL),
(851, 549, 218, 2, NULL, NULL),
(852, 549, 335, 3, NULL, NULL),
(853, 549, 1, 4, NULL, NULL),
(854, 550, 340, 1, NULL, NULL),
(855, 550, 341, 2, NULL, NULL),
(856, 550, 389, 3, NULL, NULL),
(857, 550, 424, 4, NULL, NULL),
(858, 551, 339, 1, NULL, NULL),
(859, 551, 441, 2, NULL, NULL),
(860, 551, 435, 3, NULL, NULL),
(861, 552, 339, 1, NULL, NULL),
(862, 552, 344, 2, NULL, NULL),
(863, 552, 420, 3, NULL, NULL),
(864, 552, 441, 4, NULL, NULL),
(865, 552, 435, 5, NULL, NULL),
(866, 552, 458, 6, NULL, NULL),
(867, 553, 339, 1, NULL, NULL),
(868, 553, 344, 2, NULL, NULL),
(869, 553, 420, 3, NULL, NULL),
(870, 553, 441, 4, NULL, NULL),
(871, 553, 433, 5, NULL, NULL),
(872, 553, 435, 6, NULL, NULL),
(873, 553, 440, 7, NULL, NULL),
(874, 553, 434, 8, NULL, NULL),
(875, 553, 436, 9, NULL, NULL),
(876, 553, 458, 10, NULL, NULL),
(877, 553, 457, 11, NULL, NULL),
(878, 554, 55, 1, NULL, NULL),
(879, 554, 83, 2, NULL, NULL),
(880, 554, 339, 3, NULL, NULL),
(881, 554, 344, 4, NULL, NULL),
(882, 554, 420, 5, NULL, NULL),
(883, 554, 440, 6, NULL, NULL),
(884, 554, 434, 7, NULL, NULL),
(885, 554, 441, 8, NULL, NULL),
(886, 554, 433, 9, NULL, NULL),
(887, 554, 435, 10, NULL, NULL),
(888, 554, 436, 11, NULL, NULL),
(889, 554, 432, 12, NULL, NULL),
(890, 554, 457, 13, NULL, NULL),
(891, 554, 458, 14, NULL, NULL),
(892, 555, 85, 1, NULL, NULL),
(893, 555, 75, 2, NULL, NULL),
(894, 555, 19, 3, NULL, NULL),
(895, 555, 44, 4, NULL, NULL),
(896, 555, 46, 5, NULL, NULL),
(897, 556, 86, 6, NULL, NULL),
(898, 556, 76, 7, NULL, NULL),
(899, 556, 20, 8, NULL, NULL),
(900, 556, 45, 9, NULL, NULL),
(901, 556, 47, 10, NULL, NULL),
(902, 557, 85, 1, NULL, NULL),
(903, 557, 86, 2, NULL, NULL),
(904, 557, 75, 3, NULL, NULL),
(905, 557, 76, 4, NULL, NULL),
(906, 557, 19, 5, NULL, NULL),
(907, 557, 20, 6, NULL, NULL),
(908, 557, 44, 7, NULL, NULL),
(909, 557, 45, 8, NULL, NULL),
(910, 557, 46, 9, NULL, NULL),
(911, 557, 47, 10, NULL, NULL),
(912, 558, 222, 1, NULL, NULL),
(913, 558, 320, 2, NULL, NULL),
(914, 558, 444, 3, NULL, NULL),
(915, 559, 98, 1, NULL, NULL),
(916, 559, 222, 2, NULL, NULL),
(917, 559, 320, 3, NULL, NULL),
(918, 559, 444, 4, NULL, NULL),
(919, 560, 98, 1, NULL, NULL),
(920, 560, 222, 2, NULL, NULL),
(921, 560, 203, 3, NULL, NULL),
(922, 560, 320, 4, NULL, NULL),
(923, 560, 444, 5, NULL, NULL),
(924, 561, 98, 1, NULL, NULL),
(925, 561, 222, 2, NULL, NULL),
(926, 561, 203, 3, NULL, NULL),
(927, 561, 320, 4, NULL, NULL),
(928, 561, 438, 5, NULL, NULL),
(929, 561, 444, 6, NULL, NULL),
(930, 562, 98, 1, NULL, NULL),
(931, 562, 106, 2, NULL, NULL),
(932, 562, 136, 3, NULL, NULL),
(933, 562, 105, 4, NULL, NULL),
(934, 562, 154, 5, NULL, NULL),
(935, 562, 152, 6, NULL, NULL),
(936, 562, 153, 7, NULL, NULL),
(937, 562, 222, 8, NULL, NULL),
(938, 562, 203, 9, NULL, NULL),
(939, 562, 469, 10, NULL, NULL),
(940, 562, 320, 11, NULL, NULL),
(941, 562, 308, 12, NULL, NULL),
(942, 562, 398, 13, NULL, NULL),
(943, 562, 476, 14, NULL, NULL),
(944, 562, 438, 15, NULL, NULL),
(945, 562, 444, 16, NULL, NULL),
(946, 563, 98, 1, NULL, NULL),
(947, 563, 106, 2, NULL, NULL),
(948, 563, 136, 3, NULL, NULL),
(949, 563, 105, 4, NULL, NULL),
(950, 563, 154, 5, NULL, NULL),
(951, 563, 152, 6, NULL, NULL),
(952, 563, 153, 7, NULL, NULL),
(953, 563, 222, 8, NULL, NULL),
(954, 563, 203, 9, NULL, NULL),
(955, 563, 170, 10, NULL, NULL),
(956, 563, 308, 11, NULL, NULL),
(957, 563, 469, 12, NULL, NULL),
(958, 563, 320, 13, NULL, NULL),
(959, 563, 355, 14, NULL, NULL),
(960, 563, 398, 15, NULL, NULL),
(961, 563, 371, 16, NULL, NULL),
(962, 563, 476, 17, NULL, NULL),
(963, 563, 438, 18, NULL, NULL),
(964, 563, 444, 19, NULL, NULL),
(965, 564, 98, 1, NULL, NULL),
(966, 564, 136, 2, NULL, NULL),
(967, 564, 105, 3, NULL, NULL),
(968, 564, 106, 4, NULL, NULL),
(969, 564, 154, 5, NULL, NULL),
(970, 564, 152, 6, NULL, NULL),
(971, 564, 153, 7, NULL, NULL),
(972, 564, 222, 8, NULL, NULL),
(973, 564, 203, 9, NULL, NULL),
(974, 564, 199, 10, NULL, NULL),
(975, 564, 170, 11, NULL, NULL),
(976, 564, 204, 12, NULL, NULL),
(977, 564, 310, 13, NULL, NULL),
(978, 564, 308, 14, NULL, NULL),
(979, 564, 317, 15, NULL, NULL),
(980, 564, 320, 16, NULL, NULL),
(981, 564, 469, 17, NULL, NULL),
(982, 564, 355, 18, NULL, NULL),
(983, 564, 398, 19, NULL, NULL),
(984, 564, 385, 20, NULL, NULL),
(985, 564, 476, 21, NULL, NULL),
(986, 564, 413, 22, NULL, NULL),
(987, 564, 438, 23, NULL, NULL),
(988, 564, 444, 24, NULL, NULL),
(989, 565, 98, 1, NULL, NULL),
(990, 565, 136, 2, NULL, NULL),
(991, 565, 105, 3, NULL, NULL),
(992, 565, 106, 4, NULL, NULL),
(993, 565, 154, 5, NULL, NULL),
(994, 565, 152, 6, NULL, NULL),
(995, 565, 153, 7, NULL, NULL),
(996, 565, 203, 8, NULL, NULL),
(997, 565, 204, 9, NULL, NULL),
(998, 565, 205, 10, NULL, NULL),
(999, 565, 206, 11, NULL, NULL),
(1000, 565, 199, 12, NULL, NULL),
(1001, 565, 170, 13, NULL, NULL),
(1002, 565, 222, 14, NULL, NULL),
(1003, 565, 308, 15, NULL, NULL),
(1004, 565, 310, 16, NULL, NULL),
(1005, 565, 469, 17, NULL, NULL),
(1006, 565, 320, 18, NULL, NULL),
(1007, 565, 317, 19, NULL, NULL),
(1008, 565, 330, 20, NULL, NULL),
(1009, 565, 355, 21, NULL, NULL),
(1010, 565, 385, 22, NULL, NULL),
(1011, 565, 398, 23, NULL, NULL),
(1012, 565, 476, 24, NULL, NULL),
(1013, 565, 413, 25, NULL, NULL),
(1014, 565, 438, 26, NULL, NULL),
(1015, 565, 444, 27, NULL, NULL),
(1016, 566, 106, 1, NULL, NULL),
(1017, 566, 98, 2, NULL, NULL),
(1018, 566, 136, 3, NULL, NULL),
(1019, 566, 105, 4, NULL, NULL),
(1020, 566, 154, 5, NULL, NULL),
(1021, 566, 152, 6, NULL, NULL),
(1022, 566, 153, 7, NULL, NULL),
(1023, 566, 222, 8, NULL, NULL),
(1024, 566, 203, 9, NULL, NULL),
(1025, 566, 204, 10, NULL, NULL),
(1026, 566, 205, 11, NULL, NULL),
(1027, 566, 206, 12, NULL, NULL),
(1028, 566, 199, 13, NULL, NULL),
(1029, 566, 170, 14, NULL, NULL),
(1030, 566, 308, 15, NULL, NULL),
(1031, 566, 310, 16, NULL, NULL),
(1032, 566, 469, 17, NULL, NULL),
(1033, 566, 320, 18, NULL, NULL),
(1034, 566, 317, 19, NULL, NULL),
(1035, 566, 330, 20, NULL, NULL),
(1036, 566, 343, 21, NULL, NULL),
(1037, 566, 355, 22, NULL, NULL),
(1038, 566, 385, 23, NULL, NULL),
(1039, 566, 398, 24, NULL, NULL),
(1040, 566, 476, 25, NULL, NULL),
(1041, 566, 413, 26, NULL, NULL),
(1042, 566, 438, 27, NULL, NULL),
(1043, 566, 444, 28, NULL, NULL),
(1044, 567, 98, 1, NULL, NULL),
(1045, 567, 106, 2, NULL, NULL),
(1046, 567, 136, 3, NULL, NULL),
(1047, 567, 105, 4, NULL, NULL),
(1048, 567, 116, 5, NULL, NULL),
(1049, 567, 464, 6, NULL, NULL),
(1050, 567, 154, 7, NULL, NULL),
(1051, 567, 152, 8, NULL, NULL),
(1052, 567, 153, 9, NULL, NULL),
(1053, 567, 222, 10, NULL, NULL),
(1054, 567, 204, 11, NULL, NULL),
(1055, 567, 205, 12, NULL, NULL),
(1056, 567, 206, 13, NULL, NULL),
(1057, 567, 170, 14, NULL, NULL),
(1058, 567, 203, 15, NULL, NULL),
(1059, 567, 199, 16, NULL, NULL),
(1060, 567, 265, 17, NULL, NULL),
(1061, 567, 308, 18, NULL, NULL),
(1062, 567, 310, 19, NULL, NULL),
(1063, 567, 469, 20, NULL, NULL),
(1064, 567, 317, 21, NULL, NULL),
(1065, 567, 320, 22, NULL, NULL),
(1066, 567, 330, 23, NULL, NULL),
(1067, 567, 343, 24, NULL, NULL),
(1068, 567, 355, 25, NULL, NULL),
(1069, 567, 371, 26, NULL, NULL),
(1070, 567, 385, 27, NULL, NULL),
(1071, 567, 398, 28, NULL, NULL),
(1072, 567, 477, 29, NULL, NULL),
(1073, 567, 476, 30, NULL, NULL),
(1074, 567, 413, 31, NULL, NULL),
(1075, 567, 438, 32, NULL, NULL),
(1076, 567, 444, 33, NULL, NULL),
(1077, 568, 98, 1, NULL, NULL),
(1078, 568, 136, 2, NULL, NULL),
(1079, 568, 105, 3, NULL, NULL),
(1080, 568, 106, 4, NULL, NULL),
(1081, 568, 116, 5, NULL, NULL),
(1082, 568, 154, 6, NULL, NULL),
(1083, 568, 152, 7, NULL, NULL),
(1084, 568, 153, 8, NULL, NULL),
(1085, 568, 203, 9, NULL, NULL),
(1086, 568, 204, 10, NULL, NULL),
(1087, 568, 205, 11, NULL, NULL),
(1088, 568, 206, 12, NULL, NULL),
(1089, 568, 220, 13, NULL, NULL),
(1090, 568, 221, 14, NULL, NULL),
(1091, 568, 199, 15, NULL, NULL),
(1092, 568, 170, 16, NULL, NULL),
(1093, 568, 222, 17, NULL, NULL),
(1094, 568, 265, 18, NULL, NULL),
(1095, 568, 310, 19, NULL, NULL),
(1096, 568, 308, 20, NULL, NULL),
(1097, 568, 307, 21, NULL, NULL),
(1098, 568, 320, 22, NULL, NULL),
(1099, 568, 469, 23, NULL, NULL),
(1100, 568, 317, 24, NULL, NULL),
(1101, 568, 330, 25, NULL, NULL),
(1102, 568, 343, 26, NULL, NULL),
(1103, 568, 355, 27, NULL, NULL),
(1104, 568, 359, 28, NULL, NULL),
(1105, 568, 357, 29, NULL, NULL),
(1106, 568, 361, 30, NULL, NULL),
(1107, 568, 371, 31, NULL, NULL),
(1108, 568, 398, 32, NULL, NULL),
(1109, 568, 385, 33, NULL, NULL),
(1110, 568, 477, 34, NULL, NULL),
(1111, 568, 476, 35, NULL, NULL),
(1112, 568, 413, 36, NULL, NULL),
(1113, 568, 438, 37, NULL, NULL),
(1114, 568, 444, 38, NULL, NULL),
(1115,569,569,1,NULL,NULL),
(1116,570,570,1,NULL,NULL),
(1117,571,571,1,NULL,NULL),
(1118,572,572,1,NULL,NULL),
(1119,573,573,1,NULL,NULL),
(1120,574,574,1,NULL,NULL),
(1121,575,575,1,NULL,NULL),
(1122,576,576,1,NULL,NULL),
(1123,577,577,1,NULL,NULL),
(1124,578,578,1,NULL,NULL),
(1125,579,579,1,NULL,NULL),
(1126,580,580,1,NULL,NULL),
(1127,581,581,1,NULL,NULL),
(1128,582,582,1,NULL,NULL),
(1129,583,583,1,NULL,NULL),
(1130,584,584,1,NULL,NULL),
(1131,585,585,1,NULL,NULL),
(1132,586,586,1,NULL,NULL),
(1133,587,587,1,NULL,NULL),
(1134,588,588,1,NULL,NULL),
(1135,589,589,1,NULL,NULL),
(1136,590,590,1,NULL,NULL),
(1137,591,591,1,NULL,NULL),
(1138,592,592,1,NULL,NULL),
(1139,593,593,1,NULL,NULL),
(1140,594,594,1,NULL,NULL),
(1141,595,595,1,NULL,NULL),
(1142,596,596,1,NULL,NULL),
(1143,597,597,1,NULL,NULL),
(1144,598,598,1,NULL,NULL),
(1145,599,599,1,NULL,NULL),
(1146,600,600,1,NULL,NULL),
(1147,601,601,1,NULL,NULL),
(1148,602,602,1,NULL,NULL),
(1149,603,603,1,NULL,NULL),
(1150,604,604,1,NULL,NULL),
(1151,605,605,1,NULL,NULL),
(1152,606,606,1,NULL,NULL),
(1153,607,607,1,NULL,NULL),
(1154,608,608,1,NULL,NULL),
(1155,609,609,1,NULL,NULL),
(1156,610,610,1,NULL,NULL),
(1157,611,611,1,NULL,NULL),
(1158,612,612,1,NULL,NULL),
(1159,613,613,1,NULL,NULL),
(1160,614,614,1,NULL,NULL),
(1161,615,615,1,NULL,NULL),
(1162,616,616,1,NULL,NULL),
(1163,617,617,1,NULL,NULL),
(1164,618,618,1,NULL,NULL),
(1165,619,619,1,NULL,NULL),
(1166,620,620,1,NULL,NULL),
(1167,621,621,1,NULL,NULL),
(1168,622,622,1,NULL,NULL),
(1169,623,623,1,NULL,NULL),
(1170,624,624,1,NULL,NULL),
(1171,625,625,1,NULL,NULL),
(1172,626,626,1,NULL,NULL),
(1173,627,627,1,NULL,NULL),
(1174,628,628,1,NULL,NULL),
(1175,629,629,1,NULL,NULL),
(1176,630,630,1,NULL,NULL),
(1177,631,631,1,NULL,NULL),
(1178,632,632,1,NULL,NULL),
(1179,633,633,1,NULL,NULL),
(1180,634,634,1,NULL,NULL),
(1181,635,635,1,NULL,NULL),
(1182,636,636,1,NULL,NULL),
(1183,637,637,1,NULL,NULL),
(1184,638,638,1,NULL,NULL),
(1185,639,639,1,NULL,NULL),
(1186,640,640,1,NULL,NULL),
(1187,641,641,1,NULL,NULL),
(1188,642,642,1,NULL,NULL),
(1189,643,643,1,NULL,NULL),
(1190,644,644,1,NULL,NULL),
(1191,645,645,1,NULL,NULL),
(1192,646,646,1,NULL,NULL),
(1193,647,647,1,NULL,NULL),
(1194,648,648,1,NULL,NULL),
(1195,649,649,1,NULL,NULL),
(1196,650,650,1,NULL,NULL),
(1197,651,651,1,NULL,NULL),
(1198,652,652,1,NULL,NULL),
(1199,653,653,1,NULL,NULL),
(1200,654,654,1,NULL,NULL),
(1201,655,655,1,NULL,NULL),
(1202,656,656,1,NULL,NULL),
(1203,657,657,1,NULL,NULL),
(1204,658,658,1,NULL,NULL),
(1205,659,659,1,NULL,NULL),
(1206,660,660,1,NULL,NULL),
(1207,661,661,1,NULL,NULL),
(1208,662,662,1,NULL,NULL),
(1209,663,663,1,NULL,NULL),
(1210,664,664,1,NULL,NULL),
(1211,665,665,1,NULL,NULL),
(1212,666,666,1,NULL,NULL),
(1213,667,667,1,NULL,NULL),
(1214,668,668,1,NULL,NULL),
(1215,669,669,1,NULL,NULL),
(1216,670,670,1,NULL,NULL),
(1217,671,671,1,NULL,NULL),
(1218,672,672,1,NULL,NULL),
(1219,673,673,1,NULL,NULL),
(1220,674,674,1,NULL,NULL),
(1221,675,675,1,NULL,NULL),
(1222,676,676,1,NULL,NULL),
(1223,677,677,1,NULL,NULL),
(1224,678,678,1,NULL,NULL),
(1225,679,679,1,NULL,NULL),
(1226,680,680,1,NULL,NULL),
(1227,681,681,1,NULL,NULL),
(1228,682,682,1,NULL,NULL),
(1229,683,683,1,NULL,NULL),
(1230,684,684,1,NULL,NULL),
(1231,685,685,1,NULL,NULL),
(1232,686,686,1,NULL,NULL),
(1233,687,687,1,NULL,NULL),
(1234,688,688,1,NULL,NULL),
(1235,689,689,1,NULL,NULL),
(1236,690,690,1,NULL,NULL),
(1237,691,691,1,NULL,NULL),
(1238,692,692,1,NULL,NULL),
(1239,693,693,1,NULL,NULL),
(1240,694,694,1,NULL,NULL),
(1241,695,695,1,NULL,NULL),
(1242,696,696,1,NULL,NULL),
(1243,697,697,1,NULL,NULL),
(1244,698,698,1,NULL,NULL),
(1245,699,699,1,NULL,NULL),
(1246,700,700,1,NULL,NULL),
(1247,701,701,1,NULL,NULL),
(1248,702,702,1,NULL,NULL),
(1249,703,703,1,NULL,NULL),
(1250,704,704,1,NULL,NULL),
(1251,705,705,1,NULL,NULL),
(1252,706,706,1,NULL,NULL),
(1253,707,707,1,NULL,NULL),
(1254,708,708,1,NULL,NULL),
(1255,709,709,1,NULL,NULL),
(1256,710,710,1,NULL,NULL),
(1257,711,711,1,NULL,NULL),
(1258,712,712,1,NULL,NULL),
(1259,713,713,1,NULL,NULL),
(1260,714,714,1,NULL,NULL),
(1261,715,715,1,NULL,NULL),
(1262,716,716,1,NULL,NULL),
(1263,717,717,1,NULL,NULL),
(1264,718,718,1,NULL,NULL),
(1265,719,719,1,NULL,NULL),
(1266,720,720,1,NULL,NULL),
(1267,721,721,1,NULL,NULL),
(1268,722,722,1,NULL,NULL),
(1269,723,723,1,NULL,NULL),
(1270,724,724,1,NULL,NULL),
(1271,725,725,1,NULL,NULL),
(1272,726,726,1,NULL,NULL),
(1273,727,727,1,NULL,NULL),
(1274,728,728,1,NULL,NULL),
(1275,729,729,1,NULL,NULL),
(1276,730,730,1,NULL,NULL),
(1277,731,731,1,NULL,NULL),
(1278,732,732,1,NULL,NULL),
(1279,733,733,1,NULL,NULL),
(1280,734,734,1,NULL,NULL),
(1281,735,735,1,NULL,NULL),
(1282,736,736,1,NULL,NULL),
(1283,737,737,1,NULL,NULL),
(1284,738,738,1,NULL,NULL),
(1285,739,739,1,NULL,NULL),
(1286,740,740,1,NULL,NULL),
(1287,741,741,1,NULL,NULL),
(1288,742,742,1,NULL,NULL),
(1289,743,743,1,NULL,NULL),
(1290,744,744,1,NULL,NULL),
(1291,745,745,1,NULL,NULL),
(1292,746,746,1,NULL,NULL),
(1293,747,747,1,NULL,NULL),
(1294,748,748,1,NULL,NULL),
(1295,749,749,1,NULL,NULL),
(1296,750,750,1,NULL,NULL),
(1297,751,751,1,NULL,NULL),
(1298,752,752,1,NULL,NULL),
(1299,753,753,1,NULL,NULL),
(1300,754,754,1,NULL,NULL),
(1301,755,755,1,NULL,NULL),
(1302,756,756,1,NULL,NULL),
(1303,757,757,1,NULL,NULL),
(1304,758,758,1,NULL,NULL),
(1305,759,759,1,NULL,NULL),
(1306,760,760,1,NULL,NULL),
(1307,761,761,1,NULL,NULL),
(1308,762,762,1,NULL,NULL),
(1309,763,763,1,NULL,NULL),
(1310,764,764,1,NULL,NULL),
(1311,765,765,1,NULL,NULL),
(1312,766,766,1,NULL,NULL),
(1313,767,767,1,NULL,NULL),
(1314,768,768,1,NULL,NULL),
(1315,769,769,1,NULL,NULL),
(1316,770,770,1,NULL,NULL),
(1317,771,771,1,NULL,NULL),
(1318,772,772,1,NULL,NULL),
(1319,773,773,1,NULL,NULL),
(1320,774,774,1,NULL,NULL),
(1321,775,775,1,NULL,NULL),
(1322,776,776,1,NULL,NULL),
(1323,777,777,1,NULL,NULL),
(1324,778,778,1,NULL,NULL),
(1325,779,779,1,NULL,NULL),
(1326,780,780,1,NULL,NULL),
(1327,781,781,1,NULL,NULL),
(1328,782,782,1,NULL,NULL),
(1329,783,783,1,NULL,NULL),
(1330,784,784,1,NULL,NULL),
(1331,785,785,1,NULL,NULL),
(1332,786,786,1,NULL,NULL),
(1333,787,787,1,NULL,NULL),
(1334,788,788,1,NULL,NULL),
(1335,789,789,1,NULL,NULL),
(1336,790,790,1,NULL,NULL),
(1337,791,791,1,NULL,NULL),
(1338,792,792,1,NULL,NULL),
(1339,793,793,1,NULL,NULL),
(1340,794,794,1,NULL,NULL),
(1341,795,795,1,NULL,NULL),
(1342,796,796,1,NULL,NULL),
(1343,797,797,1,NULL,NULL),
(1344,798,798,1,NULL,NULL),
(1345,799,799,1,NULL,NULL),
(1346,800,800,1,NULL,NULL),
(1347,801,801,1,NULL,NULL),
(1348,802,802,1,NULL,NULL),
(1349,803,803,1,NULL,NULL),
(1350,804,804,1,NULL,NULL),
(1351,805,805,1,NULL,NULL),
(1352,806,806,1,NULL,NULL),
(1353,807,807,1,NULL,NULL),
(1354,808,808,1,NULL,NULL),
(1355,809,809,1,NULL,NULL),
(1356,810,810,1,NULL,NULL),
(1357,811,811,1,NULL,NULL),
(1358,812,812,1,NULL,NULL),
(1359,813,813,1,NULL,NULL),
(1360,814,814,1,NULL,NULL),
(1361,815,815,1,NULL,NULL),
(1362,816,816,1,NULL,NULL),
(1363,817,817,1,NULL,NULL),
(1364,818,818,1,NULL,NULL),
(1365,819,819,1,NULL,NULL),
(1366,820,820,1,NULL,NULL),
(1367,821,821,1,NULL,NULL),
(1368,822,822,1,NULL,NULL),
(1369,823,823,1,NULL,NULL),
(1370,824,824,1,NULL,NULL),
(1371,825,825,1,NULL,NULL),
(1372,826,826,1,NULL,NULL),
(1373,827,827,1,NULL,NULL),
(1374,828,828,1,NULL,NULL),
(1375,829,829,1,NULL,NULL),
(1376,830,830,1,NULL,NULL),
(1377,831,831,1,NULL,NULL),
(1378,832,832,1,NULL,NULL),
(1379,833,833,1,NULL,NULL),
(1380,834,834,1,NULL,NULL),
(1381,835,835,1,NULL,NULL),
(1382,836,836,1,NULL,NULL),
(1383,837,837,1,NULL,NULL),
(1384,838,838,1,NULL,NULL),
(1385,839,839,1,NULL,NULL),
(1386,840,840,1,NULL,NULL),
(1387,841,841,1,NULL,NULL),
(1388,842,842,1,NULL,NULL),
(1389,843,843,1,NULL,NULL),
(1390,844,844,1,NULL,NULL),
(1391,845,845,1,NULL,NULL),
(1392,846,846,1,NULL,NULL),
(1393,847,847,1,NULL,NULL),
(1394,848,848,1,NULL,NULL),
(1395,849,849,1,NULL,NULL),
(1396,850,850,1,NULL,NULL),
(1397,851,851,1,NULL,NULL),
(1398,852,852,1,NULL,NULL),
(1399,853,853,1,NULL,NULL),
(1400,854,854,1,NULL,NULL),
(1401,855,855,1,NULL,NULL),
(1402,856,856,1,NULL,NULL),
(1403,857,857,1,NULL,NULL),
(1404,858,858,1,NULL,NULL),
(1405,859,859,1,NULL,NULL),
(1406,860,860,1,NULL,NULL),
(1407,861,861,1,NULL,NULL),
(1408,862,862,1,NULL,NULL);

INSERT INTO `specimens` (`id`, `name`, `created_at`, `updated_at`) VALUES
(1, 'Sangre total', NULL, NULL),
(2, 'Suero', NULL, NULL),
(3, 'Orina', NULL, NULL),
(4, 'Heces', NULL, NULL),
(5, 'Líquido cefalorraquideo', NULL, NULL),
(6, 'Agua', NULL, NULL),
(7, 'Plasma', NULL, NULL),
(8, 'Tejido o líquido biológico', NULL, NULL),
(9, 'Líquido biológico', NULL, NULL),
(10, 'Material biológico', NULL, NULL),
(11, 'Cálculo', NULL, NULL),
(12, 'Exudado', NULL, NULL),
(13, 'Material o líquido biológico', NULL, NULL),
(14, 'Alimento', NULL, NULL),
(15, 'Semen', NULL, NULL);

INSERT INTO `specimen_study` (`specimen_id`, `study_id`) VALUES
(2, 1),
(1, 2),
(2, 3),
(3, 4),
(2, 5),
(4, 6),
(2, 7),
(2, 8),
(2, 9),
(2, 10),
(2, 11),
(2, 12),
(2, 13),
(2, 14),
(2, 15),
(2, 16),
(2, 17),
(5, 18),
(2, 19),
(2, 20),
(2, 21),
(2, 22),
(2, 23),
(2, 24),
(2, 25),
(2, 26),
(2, 27),
(2, 28),
(2, 29),
(2, 30),
(2, 31),
(2, 32),
(2, 33),
(2, 34),
(2, 35),
(2, 36),
(2, 37),
(2, 38),
(2, 39),
(2, 40),
(2, 41),
(2, 42),
(2, 43),
(2, 44),
(2, 45),
(2, 46),
(2, 47),
(2, 48),
(2, 49),
(2, 50),
(2, 51),
(2, 52),
(2, 53),
(2, 54),
(2, 55),
(2, 56),
(2, 57),
(2, 58),
(2, 59),
(2, 60),
(2, 61),
(2, 62),
(2, 63),
(2, 64),
(2, 65),
(2, 66),
(2, 67),
(2, 68),
(2, 69),
(2, 70),
(1, 71),
(2, 72),
(2, 73),
(2, 74),
(2, 75),
(2, 76),
(2, 77),
(2, 78),
(2, 79),
(2, 80),
(2, 81),
(2, 82),
(2, 83),
(2, 84),
(2, 85),
(2, 86),
(2, 87),
(2, 88),
(2, 89),
(2, 90),
(2, 91),
(2, 92),
(2, 93),
(2, 94),
(3, 95),
(2, 96),
(2, 97),
(2, 98),
(3, 99),
(2, 100),
(3, 101),
(2, 102),
(3, 103),
(1, 104),
(2, 105),
(2, 106),
(3, 107),
(3, 108),
(2, 109),
(2, 110),
(2, 111),
(3, 112),
(2, 113),
(2, 114),
(2, 115),
(2, 116),
(3, 117),
(6, 118),
(6, 119),
(2, 120),
(2, 121),
(3, 122),
(2, 123),
(7, 124),
(2, 125),
(1, 126),
(2, 127),
(2, 128),
(2, 129),
(2, 130),
(2, 131),
(7, 132),
(2, 133),
(2, 134),
(3, 135),
(2, 136),
(4, 137),
(8, 138),
(8, 139),
(9, 140),
(9, 141),
(9, 142),
(9, 143),
(9, 144),
(9, 145),
(3, 146),
(3, 147),
(2, 148),
(2, 149),
(3, 150),
(2, 151),
(2, 152),
(2, 153),
(2, 154),
(1, 155),
(10, 156),
(10, 157),
(10, 158),
(10, 159),
(4, 160),
(8, 161),
(4, 162),
(2, 163),
(2, 164),
(2, 165),
(2, 166),
(2, 167),
(2, 168),
(3, 169),
(2, 170),
(3, 171),
(2, 172),
(2, 173),
(11, 174),
(3, 175),
(2, 176),
(7, 177),
(7, 178),
(7, 179),
(7, 180),
(1, 181),
(2, 182),
(7, 183),
(3, 184),
(1, 185),
(2, 186),
(12, 187),
(1, 188),
(2, 189),
(8, 190),
(8, 191),
(8, 192),
(8, 193),
(8, 194),
(8, 195),
(8, 196),
(3, 197),
(2, 198),
(2, 199),
(3, 200),
(4, 201),
(3, 202),
(2, 203),
(2, 204),
(2, 205),
(2, 206),
(2, 207),
(2, 208),
(2, 209),
(2, 210),
(2, 211),
(1, 212),
(2, 213),
(4, 214),
(4, 215),
(4, 216),
(4, 217),
(2, 218),
(3, 219),
(2, 220),
(2, 221),
(2, 222),
(3, 223),
(1, 224),
(1, 225),
(13, 226),
(2, 227),
(3, 228),
(1, 229),
(3, 230),
(14, 231),
(13, 232),
(13, 233),
(13, 234),
(13, 235),
(13, 236),
(13, 237),
(13, 238),
(13, 239),
(13, 240),
(4, 241),
(13, 242),
(13, 243),
(13, 244),
(3, 245),
(13, 246),
(13, 247),
(15, 248),
(13, 249),
(13, 250),
(13, 251),
(13, 252),
(4, 253),
(13, 254),
(13, 255),
(13, 256),
(2, 257),
(2, 258),
(2, 259),
(3, 260),
(2, 260),
(3, 261),
(2, 261),
(2, 262),
(2, 263),
(7, 264),
(2, 265),
(7, 266),
(3, 267),
(2, 268),
(1, 269),
(2, 270),
(2, 271),
(3, 272),
(3, 273),
(2, 274),
(2, 275),
(2, 276),
(13, 277),
(2, 278),
(15, 279),
(9, 280),
(2, 281),
(2, 282),
(2, 283),
(2, 284),
(3, 285),
(7, 286),
(7, 287),
(2, 288),
(2, 289),
(7, 290),
(1, 291),
(7, 292),
(7, 293),
(7, 294),
(7, 295),
(7, 296),
(7, 297),
(7, 298),
(2, 299),
(2, 300),
(2, 301),
(7, 302),
(2, 303),
(3, 303),
(1, 304),
(1, 305),
(2, 306),
(2, 307),
(2, 308),
(2, 309),
(2, 310),
(3, 311),
(2, 312),
(1, 313),
(1, 314),
(15, 315),
(2, 316),
(2, 317),
(2, 318),
(2, 319),
(1, 320),
(1, 321),
(2, 322),
(3, 323),
(1, 324),
(1, 325),
(8, 326),
(2, 327),
(1, 328),
(1, 329),
(2, 330),
(1, 331),
(1, 332),
(1, 333),
(7, 334),
(7, 335),
(2, 336),
(7, 337),
(2, 338),
(2, 339),
(2, 340),
(2, 341),
(2, 342),
(2, 343),
(2, 344),
(2, 345),
(2, 346),
(1, 347),
(2, 348),
(2, 349),
(2, 350),
(2, 351),
(2, 352),
(2, 353),
(2, 354),
(2, 355),
(2, 356),
(2, 357),
(3, 358),
(2, 359),
(2, 360),
(2, 361),
(3, 362),
(7, 363),
(3, 364),
(3, 365),
(2, 366),
(2, 367),
(13, 368),
(8, 369),
(3, 370),
(2, 371),
(3, 372),
(7, 373),
(3, 374),
(3, 375),
(2, 376),
(3, 377),
(2, 378),
(2, 379),
(8, 380),
(8, 381),
(2, 382),
(7, 383),
(1, 384),
(2, 385),
(3, 386),
(2, 387),
(2, 388),
(2, 389),
(2, 390),
(7, 391),
(2, 392),
(2, 393),
(7, 394),
(3, 395),
(5, 396),
(3, 397),
(2, 398),
(1, 399),
(1, 400),
(3, 401),
(2, 402),
(1, 403),
(2, 403),
(3, 404),
(2, 405),
(7, 406),
(1, 407),
(2, 408),
(4, 409),
(4, 410),
(2, 411),
(1, 412),
(2, 413),
(3, 414),
(2, 415),
(2, 416),
(1, 417),
(1, 418),
(1, 419),
(2, 420),
(1, 421),
(2, 422),
(2, 423),
(2, 424),
(7, 425),
(7, 426),
(7, 427),
(13, 428),
(13, 429),
(13, 430),
(13, 431),
(2, 432),
(2, 433),
(2, 434),
(2, 435),
(2, 436),
(2, 437),
(2, 438),
(2, 439),
(2, 440),
(2, 441),
(2, 442),
(1, 443),
(2, 444),
(3, 445),
(2, 446),
(1, 447),
(2, 448),
(7, 449),
(2, 450),
(7, 451),
(2, 452),
(2, 453),
(2, 454),
(7, 455),
(2, 456),
(2, 457),
(2, 458),
(2, 459),
(3, 460),
(2, 461),
(2, 462),
(1, 463),
(2, 464),
(1, 465),
(2, 466),
(1, 467),
(1, 468),
(2, 469),
(1, 470),
(1, 471),
(2, 472),
(12, 473),
(12, 474),
(2, 475),
(2, 476),
(2, 477),
(1, 478),
(12, 479),
(2, 569),
(2,570),
(2,571),
(2,572),
(2,573),
(2,574),
(2,575),
(2,576),
(2,577),
(2,578),
(2,579),
(2,580),
(2,581),
(2,582),
(2,583),
(2,584),
(2,585),
(2,586),
(2,587),
(2,588),
(2,589),
(2,590),
(2,591),
(2,592),
(2,593),
(2,594),
(2,595),
(2,596),
(2,597),
(2,598),
(2,599),
(2,600),
(2,601),
(2,602),
(2,603),
(2,604),
(2,605),
(2,606),
(2,607),
(2,608),
(2,609),
(2,610),
(2,611),
(2,612),
(2,613),
(2,614),
(2,615),
(2,616),
(2,617),
(2,618),
(2,619),
(2,620),
(2,621),
(2,622),
(2,623),
(2,624),
(2,625),
(2,626),
(2,627),
(2,628),
(2,629),
(2,630),
(2,631),
(2,632),
(2,633),
(2,634),
(2,635),
(2,636),
(2,637),
(2,638),
(2,639),
(2,640),
(2,641),
(2,642),
(2,643),
(2,644),
(2,645),
(2,646),
(2,647),
(2,648),
(2,649),
(2,650),
(2,651),
(2,652),
(2,653),
(2,654),
(2,655),
(2,656),
(2,657),
(2,658),
(2,659),
(2,660),
(2,661),
(2,662),
(2,663),
(2,664),
(2,665),
(2,666),
(2,667),
(2,668),
(2,669),
(2,670),
(2,671),
(2,672),
(2,673),
(2,674),
(2,675),
(2,676),
(2,677),
(2,678),
(2,679),
(2,680),
(2,681),
(2,682),
(2,683),
(2,684),
(2,685),
(2,686),
(2,687),
(2,688),
(2,689),
(2,690),
(2,691),
(2,692),
(2,693),
(2,694),
(2,695),
(2,696),
(2,697),
(2,698),
(2,699),
(2,700),
(2,701),
(2,702),
(2,703),
(2,704),
(2,705),
(2,706),
(2,707),
(2,708),
(2,709),
(2,710),
(2,711),
(2,712),
(2,713),
(2,714),
(2,715),
(2,716),
(2,717),
(2,718),
(2,719),
(2,720),
(2,721),
(2,722),
(2,723),
(2,724),
(2,725),
(2,726),
(2,727),
(2,728),
(2,729),
(2,730),
(2,731),
(2,732),
(2,733),
(2,734),
(2,735),
(2,736),
(2,737),
(2,738),
(2,739),
(2,740),
(2,741),
(2,742),
(2,743),
(2,744),
(2,745),
(2,746),
(2,747),
(2,748),
(2,749),
(2,750),
(2,751),
(2,752),
(2,753),
(2,754),
(2,755),
(2,756),
(2,757),
(2,758),
(2,759),
(2,760),
(2,761),
(2,762),
(2,763),
(2,764),
(2,765),
(2,766),
(2,767),
(2,768),
(2,769),
(2,770),
(2,771),
(2,772),
(2,773),
(2,774),
(2,775),
(2,776),
(2,777),
(2,778),
(2,779),
(2,780),
(2,781),
(2,782),
(2,783),
(2,784),
(2,785),
(2,786),
(2,787),
(2,788),
(2,789),
(2,790),
(2,791),
(2,792),
(2,793),
(2,794),
(2,795),
(2,796),
(2,797),
(2,798),
(2,799),
(2,800),
(2,801),
(2,802),
(2,803),
(2,804),
(2,805),
(2,806),
(2,807),
(2,808),
(2,809),
(2,810),
(2,811),
(2,812),
(2,813),
(2,814),
(2,815),
(2,816),
(2,817),
(2,818),
(2,819),
(2,820),
(2,821),
(2,822),
(2,823),
(2,824),
(2,825),
(2,826),
(2,827),
(2,828),
(2,829),
(2,830),
(2,831),
(2,832),
(2,833),
(2,834),
(2,835),
(2,836),
(2,837),
(2,838),
(2,839),
(2,840),
(2,841),
(2,842),
(2,843),
(2,844),
(2,845),
(2,846),
(2,847),
(2,848),
(2,849),
(2,850),
(2,851),
(2,852),
(2,853),
(2,854),
(2,855),
(2,856),
(2,857),
(2,858),
(2,859),
(2,860),
(2,861),
(2,862);

INSERT INTO `studies` (`id`, `code`, `name`, `area_id`, `label`, `delivery`, `maquila`, `lab_code`, `provider_id`, `status`, `price`, `type`, `created_at`, `updated_at`) VALUES
(1, '1', '17 alfa hidroxiprogesterona', 5, '17OHP', 2, 1, '2109', 1, 1, 180.20, 1, NULL, NULL),
(2, '2', '17 alfa hidroxiprogesterona neonatal', 5, '17OHP NN', 2, 1, '2109', 1, 1, 180.20, 1, NULL, NULL),
(3, '3', '2 mercaptoetanol (Ac anti brucella)', 5, '2MET', 2, 1, '302', 1, 1, 330.30, 1, NULL, NULL),
(4, '4', 'Absorción de D xilosa en orina', 5, 'DXIL OR', 10, 1, '16003', 2, 1, 5329.80, 1, NULL, NULL),
(5, '5', 'Ac anti antígeno e de hepatitis B (aHBe)', 5, 'AHBE', 1, 1, '3085', 1, 1, 330.30, 1, NULL, NULL),
(6, '6', 'Ac anti antígeno Helicobacter pylori en heces', 5, 'ACHELP HEC', 1, 1, '3248', 1, 1, 450.50, 1, NULL, NULL),
(7, '7', 'Ac anti antígeno s de hepatitis B (aHBs)', 5, 'AHBS', 1, 1, '2968', 1, 1, 330.30, 1, NULL, NULL),
(8, '8', 'Ac anti Borrellia burgdorferi IgG', 5, 'ACBORR G', 3, 1, '3184', 1, 1, 450.50, 1, NULL, NULL),
(9, '9', 'Ac anti Borrellia burgdorferi IgM', 5, 'ACBORR M', 3, 1, '3236', 1, 1, 450.50, 1, NULL, NULL),
(10, '10', 'Ac anti cardiolipinas IgG', 5, 'ACCARD G', 2, 1, '839', 1, 1, 244.50, 1, NULL, NULL),
(11, '11', 'Ac anti cardiolipinas IgM', 5, 'ACCARD M', 2, 1, '840', 1, 1, 244.50, 1, NULL, NULL),
(12, '12', 'Ac anti células parietales', 5, 'ACCELPA', 13, 1, '22275', 2, 1, 1337.00, 1, NULL, NULL),
(13, '13', 'Ac anti centrómero', 5, 'ACCENT', 4, 1, '2824', 1, 1, 376.10, 1, NULL, NULL),
(14, '14', 'Ac anti Chlamydia trachomatis IgA', 5, 'ACCHLAM A', 1, 1, '3346', 1, 1, 281.20, 1, NULL, NULL),
(15, '15', 'Ac anti Chlamydia trachomatis IgG', 5, 'ACCHLAM G', 1, 1, '217', 1, 1, 304.60, 1, NULL, NULL),
(16, '16', 'Ac anti Chlamydia trachomatis IgM', 5, 'ACCHLAM M', 1, 1, '229', 1, 1, 304.60, 1, NULL, NULL),
(17, '17', 'Ac anti cisticerco', 5, 'ACCIST', 1, 1, '2923', 1, 1, 231.70, 1, NULL, NULL),
(18, '18', 'Ac anti cisticerco en líquido cefalorraquídeo', 5, 'ACCIST LCR', 1, 1, '3470', 1, 1, 213.90, 1, NULL, NULL),
(19, '19', 'Ac anti citomegalovirus IgG', 5, 'ACCMV G', 1, 1, '263', 1, 1, 221.70, 1, NULL, NULL),
(20, '20', 'Ac anti citomegalovirus IgM', 5, 'ACCMV M', 1, 1, '3124', 1, 1, 221.70, 1, NULL, NULL),
(21, '21', 'Ac anti citoplasma del neutrófilo (ANCA C)', 5, 'ANCA C', 1, 1, '2535', 1, 1, 406.10, 1, NULL, NULL),
(22, '22', 'Ac anti citoplasma del neutrófilo (ANCA P)', 5, 'ANCA P', 1, 1, '3121', 1, 1, 374.90, 1, NULL, NULL),
(23, '23', 'Ac anti dengue IgG', 5, 'ACDENG G', 1, 1, '3239', 1, 1, 374.70, 1, NULL, NULL),
(24, '24', 'Ac anti dengue IgM', 5, 'ACDENG M', 1, 1, '3240', 1, 1, 374.70, 1, NULL, NULL),
(25, '25', 'Ac anti DNA', 5, 'ACDNA', 1, 1, '3344', 1, 1, 236.00, 1, NULL, NULL),
(26, '26', 'Ac anti DNA doble cadena', 5, 'ACDNA DC', 1, 1, '287', 1, 1, 211.20, 1, NULL, NULL),
(27, '27', 'Ac anti DNA nativo', 5, 'ACDNA NAT', 1, 1, '22004', 2, 1, 350.00, 1, NULL, NULL),
(28, '28', 'Ac anti E histolytica (Serameba)', 5, 'ACEHIST', 1, 1, '185', 1, 1, 221.60, 1, NULL, NULL),
(29, '29', 'Ac anti Epstein Barr IgG antígeno nuclear', 5, 'ACEB G N', 1, 1, '3350', 1, 1, 840.90, 1, NULL, NULL),
(30, '30', 'Ac anti Epstein Barr IgG antígeno temprano', 5, 'ACEB G T', 1, 1, '1995', 1, 1, 840.90, 1, NULL, NULL),
(31, '31', 'Ac anti Epstein Barr IgG cápside', 5, 'ACEB G C', 1, 1, '490', 1, 1, 250.30, 1, NULL, NULL),
(32, '32', 'Ac anti Epstein Barr IgM cápside', 5, 'ACEB M C', 1, 1, '2661', 1, 1, 233.10, 1, NULL, NULL),
(33, '33', 'Ac anti fosfolípidos IgG', 5, 'ACFOSF G', 1, 1, '3157', 1, 1, 221.70, 1, NULL, NULL),
(34, '34', 'Ac anti fosfolípidos IgM', 5, 'ACFOSF M', 1, 1, '805', 1, 1, 221.70, 1, NULL, NULL),
(35, '35', 'Ac anti Helicobacter pylori IgA', 5, 'ACHELP A', 1, 1, '3159', 1, 1, 369.00, 1, NULL, NULL),
(36, '36', 'Ac anti Helicobacter pylori IgG', 5, 'ACHELP G', 1, 1, '350', 1, 1, 369.00, 1, NULL, NULL),
(37, '37', 'Ac anti Helicobacter pylori IgM', 5, 'ACHELP M', 1, 1, '1672', 1, 1, 369.00, 1, NULL, NULL),
(38, '38', 'Ac anti hepatitis A IgG (HAV G)', 5, 'HAV G', 1, 1, '122', 1, 1, 268.90, 1, NULL, NULL),
(39, '39', 'Ac anti hepatitis A IgM (HAV M)', 5, 'HAV M', 1, 1, '3028', 1, 1, 268.90, 1, NULL, NULL),
(40, '40', 'Ac anti hepatitis C (aHCV)', 5, 'AHCV', 1, 1, '2969', 1, 1, 268.90, 1, NULL, NULL),
(41, '41', 'Ac anti hepatitis D (HDV)', 5, 'HDV', 1, 1, '3058', 1, 1, 268.90, 1, NULL, NULL),
(42, '42', 'Ac anti hepatitis E IgG', 5, 'ACHEPE G', 2, 1, '3059', 1, 1, 462.00, 1, NULL, NULL),
(43, '43', 'Ac anti hepatitis E IgM', 5, 'ACHEPE M', 2, 1, '3060', 1, 1, 462.00, 1, NULL, NULL),
(44, '44', 'Ac anti herpes I IgG', 5, 'ACHERP I G', 1, 1, '361', 1, 1, 150.20, 1, NULL, NULL),
(45, '45', 'Ac anti herpes I IgM', 5, 'ACHERP I M', 1, 1, '372', 1, 1, 150.20, 1, NULL, NULL),
(46, '46', 'Ac anti herpes II IgG', 5, 'ACHERP II G', 1, 1, '383', 1, 1, 150.20, 1, NULL, NULL),
(47, '47', 'Ac anti herpes II IgM', 5, 'ACHERP II M', 1, 1, '394', 1, 1, 150.20, 1, NULL, NULL),
(48, '48', 'Ac anti Histoplasma capsulatum', 5, 'ACHISTC', 8, 1, '299', 1, 1, 390.40, 1, NULL, NULL),
(49, '49', 'Ac anti HIV 1 2 (aHIV)', 5, 'AHIV', 1, 1, '2970', 1, 1, 200.20, 1, NULL, NULL),
(50, '50', 'Ac anti insulina', 5, 'ACINSUL', 3, 1, '3241', 1, 1, 404.70, 1, NULL, NULL),
(51, '51', 'Ac anti Leptospira IgG', 5, 'ACLEPT G', 12, 1, '2534', 1, 1, 816.30, 1, NULL, NULL),
(52, '52', 'Ac anti Leptospira IgM', 5, 'ACLEPT M', 12, 1, '2533', 1, 1, 816.30, 1, NULL, NULL),
(53, '53', 'Ac anti LKM/1 IgG (microsomales hígado y riñón)', 5, 'LKM G', 3, 1, '297', 1, 1, 415.80, 1, NULL, NULL),
(54, '54', 'Ac anti membrana basal glomerular', 5, 'ACMEM BG', 9, 1, '22054', 2, 1, 1190.00, 1, NULL, NULL),
(55, '55', 'Ac anti microsomales de peroxidasa (aTPO)', 5, 'ATPO', 1, 1, '529', 1, 1, 286.00, 1, NULL, NULL),
(56, '56', 'Ac anti mitocondriales', 5, 'ACMITOC', 4, 1, '436', 1, 1, 270.30, 1, NULL, NULL),
(57, '57', 'Ac anti músculo liso', 5, 'ACMUSC', 4, 1, '2028', 1, 1, 270.30, 1, NULL, NULL),
(58, '58', 'Ac anti Mycobacterium tuberculosis IgG', 5, 'ACMYCT G', 1, 1, '3330', 1, 1, 450.50, 1, NULL, NULL),
(59, '59', 'Ac anti Mycoplasma pneumoniae IgG', 5, 'ACMYCPN G', 3, 1, '1148', 1, 1, 266.70, 1, NULL, NULL),
(60, '60', 'Ac anti Mycoplasma pneumoniae IgM', 5, 'ACMYCPN M', 3, 1, '845', 1, 1, 288.90, 1, NULL, NULL),
(61, '61', 'Ac anti nucleares', 5, 'ANA', 1, 1, '1864', 1, 1, 236.00, 1, NULL, NULL),
(62, '62', 'Ac anti nucleares IFI', 5, 'ANA IFI', 3, 1, '3146', 1, 1, 379.00, 1, NULL, NULL),
(63, '63', 'Ac anti papovavirus (VPH)', 5, 'ACPAPO', 2, 1, '3015', 1, 1, 759.00, 1, NULL, NULL),
(64, '64', 'Ac anti parotiditis IgG', 5, 'ACPARO G', 0, 1, '0', 4, 0, 620.40, 1, NULL, NULL),
(65, '65', 'Ac anti parotiditis IgM', 5, 'ACPARO M', 0, 1, '0', 4, 0, 672.10, 1, NULL, NULL),
(66, '66', 'Ac anti parvovirus B19 IgG', 5, 'ACPAB19 G', 3, 1, '2491', 1, 1, 672.10, 1, NULL, NULL),
(67, '67', 'Ac anti parvovirus B19 IgM', 5, 'ACPAB19 M', 3, 1, '2490', 1, 1, 672.10, 1, NULL, NULL),
(68, '68', 'Ac anti péptido cíclico citrulinado (CCP)', 5, 'CCP', 1, 1, '3122', 1, 1, 858.00, 1, NULL, NULL),
(69, '69', 'Ac anti plaquetarios', 5, 'ACPLAQ', 3, 1, '17234', 2, 1, 6888.00, 1, NULL, NULL),
(70, '70', 'Ac anti reticulina', 5, 'ACRETIC', 10, 1, '19376', 2, 1, 2562.00, 1, NULL, NULL),
(71, '71', 'Ac anti Rh', 5, 'AC RH', 1, 1, '3364', 1, 1, 107.30, 1, NULL, NULL),
(72, '72', 'Ac anti ribonucleoproteína (RNP)', 5, 'RNP', 2, 1, '2266', 1, 1, 331.80, 1, NULL, NULL),
(73, '73', 'Ac anti Rickettsia IgG', 5, 'ACRICK G', 12, 1, '2428', 1, 1, 893.70, 1, NULL, NULL),
(74, '74', 'Ac anti Rickettsia IgM', 5, 'ACRICK M', 12, 1, '1855', 1, 1, 547.70, 1, NULL, NULL),
(75, '75', 'Ac anti rubéola IgG', 5, 'ACRUBE G', 1, 1, '531', 1, 1, 185.90, 1, NULL, NULL),
(76, '76', 'Ac anti rubéola IgM', 5, 'ACRUBE M', 1, 1, '542', 1, 1, 200.20, 1, NULL, NULL),
(77, '77', 'Ac anti sarampión IgG', 5, 'ACSAR G', 1, 1, '3354', 1, 1, 293.20, 1, NULL, NULL),
(78, '78', 'Ac anti sarampión IgM', 5, 'ACSAR M', 1, 1, '3329', 1, 1, 293.20, 1, NULL, NULL),
(79, '79', 'Ac anti SCL70 (anti esclerodermia)', 5, 'SCL70', 1, 1, '2034', 1, 1, 343.20, 1, NULL, NULL),
(80, '80', 'Ac anti Smith (Sm)', 5, 'ACSM', 1, 1, '574', 1, 1, 307.50, 1, NULL, NULL),
(81, '81', 'Ac anti SSA (Ro)', 5, 'ACSSA', 1, 1, '585', 1, 1, 330.30, 1, NULL, NULL),
(82, '82', 'Ac anti SSB (La)', 5, 'ACSSB', 1, 1, '595', 1, 1, 330.30, 1, NULL, NULL),
(83, '83', 'Ac anti tiroglobulina (aTG)', 5, 'ATG', 1, 1, '271', 1, 1, 271.70, 1, NULL, NULL),
(84, '84', 'Ac anti Toxocara', 5, 'ACTOXOC', 2, 1, '1685', 1, 1, 554.90, 1, NULL, NULL),
(85, '85', 'Ac anti Toxoplasma gondii IgG', 5, 'ACTOGO G', 1, 1, '603', 1, 1, 185.90, 1, NULL, NULL),
(86, '86', 'Ac anti Toxoplasma gondii IgM', 5, 'ACTOGO M', 1, 1, '604', 1, 1, 200.20, 1, NULL, NULL),
(87, '87', 'Ac anti Treponema pallidum', 5, 'ACTREPAL', 1, 1, '2041', 1, 1, 217.80, 1, NULL, NULL),
(88, '88', 'Ac anti Treponema pallidum (FTA ABS)', 5, 'FTAABS', 5, 1, '2472', 1, 1, 480.50, 1, NULL, NULL),
(89, '89', 'Ac anti Trypanosoma cruzi IgG chagas', 5, 'ACTRYCR G', 1, 1, '1318', 1, 1, 350.40, 1, NULL, NULL),
(90, '90', 'Ac anti tuberculosis (MTB)', 5, 'ACMTB', 1, 1, '1583', 1, 1, 415.80, 1, NULL, NULL),
(91, '91', 'Ac anti varicela IgG herpes zoster', 5, 'ACHZ G', 2, 1, '2027', 1, 1, 297.00, 1, NULL, NULL),
(92, '92', 'Ac anti varicela IgM herpes zoster', 5, 'ACHZ M', 2, 1, '2026', 1, 1, 321.70, 1, NULL, NULL),
(93, '93', 'Ac de centro de hepatitis B (aHBc M)', 5, 'AHBCM', 1, 1, '2016', 1, 1, 270.60, 1, NULL, NULL),
(94, '94', 'Ac de centro de hepatitis B (aHBc)', 5, 'AHBC', 1, 1, '1255', 1, 1, 270.60, 1, NULL, NULL),
(95, '95', 'Ácido 5 hidroxi indolácetico', 5, 'A5OH', 6, 1, '2015', 1, 1, 493.40, 1, NULL, NULL),
(96, '96', 'Ácido fólico (folatos)', 5, 'FOLAT', 1, 1, '424', 1, 1, 164.50, 1, NULL, NULL),
(97, '97', 'Ácido glutámico descarboxilasa (GAD 65)', 5, 'GAD65', 3, 1, '2314', 1, 1, 627.00, 1, NULL, NULL),
(98, '98', 'Ácido úrico', 1, 'URICO', 1, 0, '2380', 1, 1, 32.90, 1, NULL, NULL),
(99, '99', 'Ácido úrico en orina de 24 horas', 1, 'URIC OR24', 1, 0, '600', 1, 1, 40.10, 1, NULL, NULL),
(100, '100', 'Ácido valpróico', 5, 'ACIVALP', 1, 1, '621', 1, 1, 193.10, 1, NULL, NULL),
(101, '101', 'Ácido vanilmandélico', 5, 'ACIVANIL', 5, 1, '610', 1, 1, 278.90, 1, NULL, NULL),
(102, '102', 'Ácidos grasos libres', 5, 'ACIGRAS', 5, 1, '2044', 1, 1, 78.70, 1, NULL, NULL),
(103, '103', 'Adrenalina en orina', 5, 'ADREN OR', 5, 1, '1060', 1, 1, 300.30, 1, NULL, NULL),
(104, '104', 'Adrenalina en plasma', 5, 'ADREN', 5, 1, '1020', 1, 1, 277.20, 1, NULL, NULL),
(105, '105', 'Alanina aminotransferasa (ALT/TGP)', 1, 'ALT', 1, 0, '278', 1, 1, 68.70, 1, NULL, NULL),
(106, '106', 'Albúmina', 1, 'ALB', 1, 0, '24', 1, 1, 32.90, 1, NULL, NULL),
(107, '107', 'Albúmina en orina de 24 horas', 1, 'ALB OR24', 1, 0, '2997', 1, 1, 47.20, 1, NULL, NULL),
(108, '108', 'Albumina en orina ocasional', 1, 'ALB OR', 1, 0, '2929', 1, 1, 43.60, 1, NULL, NULL),
(109, '109', 'Alcohol', 5, 'ALCOHOL', 1, 1, '2930', 1, 1, 213.90, 1, NULL, NULL),
(110, '110', 'Aldolasa', 5, 'ALDOL', 8, 1, '16059', 2, 1, 702.80, 1, NULL, NULL),
(111, '111', 'Aldosterona', 5, 'ALDOS', 1, 1, '2531', 1, 1, 183.10, 1, NULL, NULL),
(112, '112', 'Aldosterona en orina de 24 horas', 5, 'ALDOS OR24', 1, 1, '2465', 1, 1, 236.00, 1, NULL, NULL),
(113, '113', 'Alérgeno individual', 5, 'ALERG', 5, 1, 'PEND', 1, 1, 243.10, 1, NULL, NULL),
(114, '114', 'Alfa 1 antitripsina', 5, 'A1TRIP', 1, 1, '22153', 2, 1, 915.60, 1, NULL, NULL),
(115, '115', 'Alfafetoproteína (AFP)', 5, 'AFP', 1, 1, '105', 1, 1, 150.10, 1, NULL, NULL),
(116, '116', 'Amilasa', 1, 'AMIL', 1, 0, '129', 1, 1, 94.40, 1, NULL, NULL),
(117, '117', 'Amilasa en orina de 24 horas', 1, 'AMIL OR24', 1, 0, '3361', 1, 1, 94.40, 1, NULL, NULL),
(118, '118', 'Análisis bacteriológico de agua', 5, 'AGUA BAC', 5, 1, '343', 1, 1, 450.50, 1, NULL, NULL),
(119, '119', 'Análisis fisicoquímico de agua', 5, 'AGUA FIS', 7, 1, '3278', 1, 1, 970.20, 1, NULL, NULL),
(120, '120', 'Andrógenos totales', 5, 'ANDROG', 2, 1, '1756', 1, 1, 248.80, 1, NULL, NULL),
(121, '121', 'Androstenediona', 5, 'ANDROS', 1, 1, '163', 1, 1, 228.80, 1, NULL, NULL),
(122, '122', 'Anfetaminas', 5, 'ANFET', 1, 1, '174', 1, 1, 158.80, 1, NULL, NULL),
(123, '123', 'Anti estreptolisina O (ASO)', 4, 'ASO', 1, 0, '609', 1, 1, 94.40, 1, NULL, NULL),
(124, '124', 'Anticoagulante lúpico', 5, 'ALUPI', 1, 1, '3023', 1, 1, 530.50, 1, NULL, NULL),
(125, '125', 'Antígeno carcinoembrionario (CEA)', 5, 'CEA', 1, 1, '611', 1, 1, 163.00, 1, NULL, NULL),
(126, '126', 'Antígeno de histocompatibilidad HLA B27', 5, 'HLAB27', 4, 1, '2925', 1, 1, 1001.00, 1, NULL, NULL),
(127, '127', 'Antígeno de VIH p24', 5, 'VIHp24', 2, 1, '1206', 1, 1, 836.60, 1, NULL, NULL),
(128, '128', 'Antígeno e de hepatitis B (HBeAg)', 5, 'HBEAG', 1, 1, '3084', 1, 1, 250.80, 1, NULL, NULL),
(129, '129', 'Antígeno prostático específico (PSA total)', 5, 'PSA', 1, 1, '612', 1, 1, 158.70, 1, NULL, NULL),
(130, '130', 'Antígeno prostático, fracción libre (PSA libre)', 5, 'PSA LIB', 1, 1, '311', 1, 1, 185.90, 1, NULL, NULL),
(131, '131', 'Antígeno s de hepatitis B (HBsAg)', 5, 'HBSAG', 1, 1, '2001', 1, 1, 184.80, 1, NULL, NULL),
(132, '132', 'Antitrombina III', 5, 'ATT III', 2, 1, '2057', 1, 1, 588.70, 1, NULL, NULL),
(133, '133', 'Apolipoproteínas A1', 5, 'APP A1', 2, 1, '612', 1, 1, 269.30, 1, NULL, NULL),
(134, '134', 'Apolipoproteínas B', 5, 'APP B', 2, 1, '702', 1, 1, 291.70, 1, NULL, NULL),
(135, '135', 'Arsénico en orina de 24 horas', 5, 'AR OR24', 3, 1, '20126', 2, 1, 681.80, 1, NULL, NULL),
(136, '136', 'Aspartato aminotransferasa (AST/ TGO)', 1, 'AST', 1, 0, '277', 1, 1, 42.30, 1, NULL, NULL),
(137, '137', 'Azúcares reductores en heces', 5, 'AZU HEC', 1, 1, '2932', 1, 1, 60.10, 1, NULL, NULL),
(138, '138', 'Baaf de nódulo glándula', 5, 'BAAF NG', 4, 1, '3365', 1, 1, 145.20, 1, NULL, NULL),
(139, '139', 'Baaf de secreción de pezón', 5, 'BAAF SEC', 4, 1, '3366', 1, 1, 145.20, 1, NULL, NULL),
(140, '140', 'Baciloscopía 1 muestra', 5, 'BAC1', 1, 1, '817', 1, 1, 70.00, 1, NULL, NULL),
(141, '141', 'Baciloscopía en serie de 2 muestras', 5, 'BAC2', 1, 1, '2062', 1, 1, 110.90, 1, NULL, NULL),
(142, '142', 'Baciloscopía en serie de 3 muestras', 5, 'BAC3', 1, 1, '2492', 1, 1, 203.30, 1, NULL, NULL),
(143, '143', 'Baciloscopía en serie de 4 muestras', 5, 'BAC4', 1, 1, '3367', 1, 1, 244.20, 1, NULL, NULL),
(144, '144', 'Baciloscopía en serie de 5 muestras', 5, 'BAC5', 1, 1, '3423', 1, 1, 270.60, 1, NULL, NULL),
(145, '145', 'Baciloscopía en serie de 6 muestras', 5, 'BAC6', 1, 1, '3369', 1, 1, 283.80, 1, NULL, NULL),
(146, '146', 'Barbitúricos', 5, 'BARBI', 1, 1, '2967', 1, 1, 205.90, 1, NULL, NULL),
(147, '147', 'Benzodiacepinas', 5, 'BEZOD', 1, 1, '2966', 1, 1, 201.60, 1, NULL, NULL),
(148, '148', 'Beta 2 glicoproteína', 5, 'B2GLIC', 3, 1, '3187', 1, 1, 600.60, 1, NULL, NULL),
(149, '149', 'Beta 2 microglobulina', 5, 'B2MIC', 1, 1, '624', 1, 1, 343.20, 1, NULL, NULL),
(150, '150', 'Beta 2 microglobulina en orina de 24 horas', 5, 'B2MIC OR24', 1, 1, '2905', 1, 1, 316.80, 1, NULL, NULL),
(151, '151', 'BHGC libre', 5, 'BHGC LIB', 1, 1, '2439', 1, 1, 250.80, 1, NULL, NULL),
(152, '152', 'Bilirrubina conjugada', 1, 'BC', 1, 0, '705', 1, 1, 38.60, 1, NULL, NULL),
(153, '153', 'Bilirrubina no conjugada', 1, 'BNC', 1, 0, '704', 1, 1, 35.60, 1, NULL, NULL),
(154, '154', 'Bilirrubina total', 1, 'BT', 1, 0, '625', 1, 1, 35.60, 1, NULL, NULL),
(155, '155', 'Biometría hemática', 2, 'BH', 1, 0, '692', 1, 1, 64.40, 1, NULL, NULL),
(156, '156', 'Biopsia chica 3 cm', 5, 'BIOP CH', 7, 1, '3180', 1, 1, 382.80, 1, NULL, NULL),
(157, '157', 'Biopsia especial (órgano, feto, etc)', 5, 'BIOP ES', 7, 1, '3183', 1, 1, 1254.00, 1, NULL, NULL),
(158, '158', 'Biopsia grande 7 a 12 cm', 5, 'BIOP G', 7, 1, '3182', 1, 1, 699.60, 1, NULL, NULL),
(159, '159', 'Biopsia mediana 3 a 7 cm', 5, 'BIOP M', 7, 1, '3181', 1, 1, 541.20, 1, NULL, NULL),
(160, '160', 'Búsqueda de amiba en fresco', 5, 'AMIBA', 1, 1, '1929', 1, 1, 47.50, 1, NULL, NULL),
(161, '161', 'Búsqueda de Chlamydia trachomatis', 5, 'CHLAMTR', 3, 1, '3112', 1, 1, 250.80, 1, NULL, NULL),
(162, '162', 'Búsqueda de Cryptosporidium', 5, 'CRYPTOS', 1, 1, '254', 1, 1, 112.20, 1, NULL, NULL),
(163, '163', 'CA 125 (ovario)', 5, 'CA125', 1, 1, '631', 1, 1, 317.50, 1, NULL, NULL),
(164, '164', 'CA 15 3 (mama)', 5, 'CA153', 1, 1, '632', 1, 1, 317.50, 1, NULL, NULL),
(165, '165', 'CA 19 9 (páncreas colon)', 5, 'CA199', 1, 1, '633', 1, 1, 317.50, 1, NULL, NULL),
(166, '166', 'CA 27 29 (pulmón)', 5, 'CA2729', 7, 1, '564', 1, 1, 858.00, 1, NULL, NULL),
(167, '167', 'CA 72 4 (estómago)', 5, 'CA724', 3, 1, '1205', 1, 1, 572.00, 1, NULL, NULL),
(168, '168', 'Cadenas Kappa/Lambda (ligeras)', 5, 'KAPPA', 2, 1, '2909', 1, 1, 732.60, 1, NULL, NULL),
(169, '169', 'Cadenas Kappa/Lambda (ligeras) en orina', 5, 'KAPPA OR', 2, 1, '3456', 1, 1, 732.60, 1, NULL, NULL),
(170, '170', 'Calcio', 1, 'CA', 1, 0, '634', 1, 1, 57.20, 1, NULL, NULL),
(171, '171', 'Calcio en orina de 24 horas', 1, 'CA OR24', 1, 0, '2074', 1, 1, 64.40, 1, NULL, NULL),
(172, '172', 'Calcio ionizado', 1, 'CA ION', 2, 0, '3308', 1, 1, 278.90, 1, NULL, NULL),
(173, '173', 'Calcitonina', 5, 'CALCI', 1, 1, '3173', 1, 1, 235.90, 1, NULL, NULL),
(174, '174', 'Calculo renal o biliar (fisicoquímico)', 5, 'CALCULO', 1, 1, '14', 1, 1, 257.40, 1, NULL, NULL),
(175, '175', 'Canabinoides (marihuana)', 5, 'CANAB', 1, 1, '5', 1, 1, 147.30, 1, NULL, NULL),
(176, '176', 'Carbamazepina', 5, 'CARBA', 1, 1, '1709', 1, 1, 190.20, 1, NULL, NULL),
(177, '177', 'Carga viral para citomegalovirus (CMV)', 5, 'CV CMV', 7, 1, '3371', 1, 1, 3003.00, 1, NULL, NULL),
(178, '178', 'Carga viral para hepatitis B', 5, 'CV VHB', 7, 1, '2513', 1, 1, 2530.00, 1, NULL, NULL),
(179, '179', 'Carga viral para hepatitis C', 5, 'CV VHC', 7, 1, '3096', 1, 1, 1980.00, 1, NULL, NULL),
(180, '180', 'Carga viral para VIH', 5, 'CV VIH', 7, 1, '3132', 1, 1, 1540.00, 1, NULL, NULL),
(181, '181', 'Cariotipo en sangre periférica (con foto)', 5, 'CARIO', 24, 1, '3373', 1, 1, 5390.00, 1, NULL, NULL),
(182, '182', 'Carotenos', 5, 'CAROTE', 15, 1, '16414', 2, 1, 1618.40, 1, NULL, NULL),
(183, '183', 'Catecolaminas totales', 5, 'CAT', 4, 1, '1292', 1, 1, 356.40, 1, NULL, NULL),
(184, '184', 'Catecolaminas totales en orina', 5, 'CAT OR24', 4, 1, '1477', 1, 1, 356.40, 1, NULL, NULL),
(185, '185', 'Células LE (Lupus eritematoso)', 5, 'LE', 1, 1, '3026', 1, 1, 64.40, 1, NULL, NULL),
(186, '186', 'Ceruloplasmina', 5, 'CERULO', 3, 1, '1217', 1, 1, 386.10, 1, NULL, NULL),
(187, '187', 'Chlamydia trachomatis por PCR', 5, 'CHLAM PCR', 4, 1, '3242', 1, 1, 495.00, 1, NULL, NULL),
(188, '188', 'Ciclosporina', 5, 'CICLOS', 2, 1, '2080', 1, 1, 810.80, 1, NULL, NULL),
(189, '189', 'Cistatina C', 5, 'CIST C', 1, 1, '2110', 1, 1, 493.40, 1, NULL, NULL),
(190, '190', 'Citología', 5, 'CITO', 4, 1, '1850', 1, 1, 158.70, 1, NULL, NULL),
(191, '191', 'Citología de moco fecal', 5, 'CITO MF', 4, 1, '1969', 1, 1, 64.40, 1, NULL, NULL),
(192, '192', 'Citología de moco nasal', 5, 'CITO MN', 4, 1, '1985', 1, 1, 146.50, 1, NULL, NULL),
(193, '193', 'Citología nasal', 5, 'CITO NA', 4, 1, '3375', 1, 1, 146.50, 1, NULL, NULL),
(194, '194', 'Citología uretral', 5, 'CITO UR', 4, 1, '3376', 1, 1, 146.50, 1, NULL, NULL),
(195, '195', 'Citoquímico y citológico de líquido cefalorraquídeo', 5, 'CIT LCR', 1, 1, '3279', 1, 1, 264.50, 1, NULL, NULL),
(196, '196', 'Citoquímico y citológico de líquidos corporales', 5, 'CIT LICO', 1, 1, '18', 1, 1, 244.20, 1, NULL, NULL),
(197, '197', 'Citratos en orina de 24 horas', 5, 'CITR OR24', 2, 1, '2088', 1, 1, 221.70, 1, NULL, NULL),
(198, '198', 'Clonazepam (Rivotril)', 5, 'CLONA', 9, 1, '3135', 1, 1, 427.60, 1, NULL, NULL),
(199, '199', 'Cloro', 1, 'CL', 1, 0, '25', 1, 1, 54.40, 1, NULL, NULL),
(200, '200', 'Cloro en orina de 24 horas', 1, 'CL OR24', 1, 0, '26', 1, 1, 54.40, 1, NULL, NULL),
(201, '201', 'Clostridium difficile en heces', 5, 'CLOSTR HEC', 2, 1, '2589', 1, 1, 972.40, 1, NULL, NULL),
(202, '202', 'Cocaína', 3, 'COCA', 1, 0, '30', 1, 1, 147.30, 1, NULL, NULL),
(203, '203', 'Colesterol', 1, 'COL', 1, 0, '34', 1, 1, 37.20, 1, NULL, NULL),
(204, '204', 'Colesterol HDL', 1, 'COL HDL', 1, 0, '31', 1, 1, 68.60, 1, NULL, NULL),
(205, '205', 'Colesterol LDL', 1, 'COL LDL', 1, 0, '32', 1, 1, 78.70, 1, NULL, NULL),
(206, '206', 'Colesterol VLDL', 1, 'COL VLDL', 1, 0, '696', 1, 1, 78.70, 1, NULL, NULL),
(207, '207', 'Colinesterasa', 5, 'COLIN', 1, 1, '36', 1, 1, 207.40, 1, NULL, NULL),
(208, '208', 'Complemento C3', 5, 'C3', 1, 1, '38', 1, 1, 154.40, 1, NULL, NULL),
(209, '209', 'Complemento C4', 5, 'C4', 1, 1, '39', 1, 1, 154.40, 1, NULL, NULL),
(210, '210', 'Complemento hemolítico 50 (CH50)', 5, 'CH50', 1, 1, '40', 1, 1, 177.30, 1, NULL, NULL),
(211, '211', 'Confirmatorio para HBsAg', 5, 'HBSAG CONF', 4, 1, '3185', 1, 1, 499.00, 1, NULL, NULL),
(212, '212', 'Coombs directo (ac anti RH eritrocitarios)', 5, 'COOM DIR', 1, 1, '41', 1, 1, 61.50, 1, NULL, NULL),
(213, '213', 'Coombs indirecto (ac anti RH séricos)', 5, 'COOM IND', 1, 1, '42', 1, 1, 62.90, 1, NULL, NULL),
(214, '214', 'Coprológico', 3, 'COPROL', 1, 0, '3003', 1, 1, 100.10, 1, NULL, NULL),
(215, '215', 'Coproparasitoscópico 1 muestra', 3, 'COP 1M', 1, 0, '2092', 1, 1, 38.60, 1, NULL, NULL),
(216, '216', 'Coproparasitoscópico 2 muestras', 3, 'COP 2M', 1, 0, '2333', 1, 1, 63.40, 1, NULL, NULL),
(217, '217', 'Coproparasitoscópico 3 muestras', 3, 'COP 3M', 1, 0, '44', 1, 1, 83.00, 1, NULL, NULL),
(218, '218', 'Cortisol', 5, 'CORT', 1, 1, '1113', 1, 1, 135.90, 1, NULL, NULL),
(219, '219', 'Cortisol en orina de 24 horas', 5, 'CORT OR24', 1, 1, '19515', 2, 1, 284.20, 1, NULL, NULL),
(220, '220', 'Creatina cinasa (CK)', 1, 'CK', 1, 0, '48', 1, 1, 99.00, 1, NULL, NULL),
(221, '221', 'Creatina cinasa MB (CKMB)', 1, 'CKMB', 1, 0, '49', 1, 1, 138.60, 1, NULL, NULL),
(222, '222', 'Creatinina', 1, 'CREA', 1, 0, '50', 1, 1, 25.70, 1, NULL, NULL),
(223, '223', 'Creatinina en orina de 24 horas', 1, 'CREA OR24', 1, 0, '2093', 1, 1, 23.80, 1, NULL, NULL),
(224, '224', 'Crioaglutininas', 5, 'CRIOAG', 2, 1, '2525', 1, 1, 244.20, 1, NULL, NULL),
(225, '225', 'Crioglobulinas', 5, 'CRIOGL', 2, 1, '2094', 1, 1, 211.20, 1, NULL, NULL),
(226, '226', 'Cristalografía de moco cervical', 5, 'CRIST MC', 1, 1, '2456', 1, 1, 120.10, 1, NULL, NULL),
(227, '227', 'Cuádruple marcador gestacional', 5, '4MG', 3, 1, '2445', 1, 1, 1584.00, 1, NULL, NULL),
(228, '228', 'Cuenta de Addis (minutada)', 5, 'ADDIS', 1, 1, '2096', 1, 1, 145.20, 1, NULL, NULL),
(229, '229', 'Cuenta de plaquetas', 2, 'PLAQU', 1, 0, '1225', 1, 1, 42.90, 1, NULL, NULL),
(230, '230', 'Cuerpos cetónicos', 5, 'CETONI', 1, 1, '2695', 1, 1, 66.00, 1, NULL, NULL),
(231, '231', 'Cultivo de alimentos', 5, 'CUL AL', 7, 1, '3387', 1, 1, 450.50, 1, NULL, NULL),
(232, '232', 'Cultivo de expectoración', 5, 'CUL EXP', 4, 1, '1986', 1, 1, 180.20, 1, NULL, NULL),
(233, '233', 'Cultivo de exudado faríngeo', 5, 'CUL EF', 4, 1, '1988', 1, 1, 166.30, 1, NULL, NULL),
(234, '234', 'Cultivo de exudado nasal', 5, 'CUL EN', 4, 1, '3034', 1, 1, 166.30, 1, NULL, NULL),
(235, '235', 'Cultivo de exudado nasofaríngeo', 5, 'CUL ENF', 4, 1, '3388', 1, 1, 166.30, 1, NULL, NULL),
(236, '236', 'Cultivo de exudado oftálmico', 5, 'CUL EOF', 4, 1, '3389', 1, 1, 166.30, 1, NULL, NULL),
(237, '237', 'Cultivo de exudado ótico', 5, 'CUL EO', 4, 1, '3390', 1, 1, 180.20, 1, NULL, NULL),
(238, '238', 'Cultivo de exudado uretral', 5, 'CUL EU', 4, 1, '354', 1, 1, 166.30, 1, NULL, NULL),
(239, '239', 'Cultivo de exudado vaginal', 5, 'CUL EV', 4, 1, '349', 1, 1, 180.20, 1, NULL, NULL),
(240, '240', 'Cultivo de exudado vulvar', 5, 'CUL EVU', 4, 1, '3391', 1, 1, 180.20, 1, NULL, NULL),
(241, '241', 'Cultivo de heces (coprocultivo)', 5, 'CUL HEC', 4, 1, '2951', 1, 1, 180.20, 1, NULL, NULL),
(242, '242', 'Cultivo de líquidos corporales', 5, 'CUL LC', 4, 1, '3392', 1, 1, 166.30, 1, NULL, NULL),
(243, '243', 'Cultivo de Mycoplasma hominis', 5, 'CUL MH', 5, 1, '3113', 1, 1, 564.90, 1, NULL, NULL),
(244, '244', 'Cultivo de Neisseria gonorrhoeae', 5, 'CUL NG', 7, 1, '2241', 1, 1, 376.20, 1, NULL, NULL),
(245, '245', 'Cultivo de orina (urocultivo)', 5, 'CUL OR', 4, 1, '367', 1, 1, 180.20, 1, NULL, NULL),
(246, '246', 'Cultivo de punta de catéter', 5, 'CUL PC', 4, 1, '357', 1, 1, 180.20, 1, NULL, NULL),
(247, '247', 'Cultivo de secreción', 5, 'CUL SEC', 4, 1, '370', 1, 1, 166.30, 1, NULL, NULL),
(248, '248', 'Cultivo de semen (espermocultivo)', 5, 'CUL SEM', 4, 1, '373', 1, 1, 180.20, 1, NULL, NULL),
(249, '249', 'Cultivo de superficies inertes', 5, 'CUL SI', 7, 1, '3302', 1, 1, 415.80, 1, NULL, NULL),
(250, '250', 'Cultivo de superficies vivas', 5, 'CUL SV', 4, 1, '3302', 1, 1, 415.80, 1, NULL, NULL),
(251, '251', 'Cultivo de uñas', 5, 'CUL UÑ', 30, 1, '3393', 1, 1, 385.50, 1, NULL, NULL),
(252, '252', 'Cultivo de Ureaplasma urealyticum', 5, 'CUL UU', 5, 1, '3113', 1, 1, 235.00, 1, NULL, NULL),
(253, '253', 'Cultivo de Vibrio cholerae', 5, 'CUL VC', 7, 1, '1994', 1, 1, 356.40, 1, NULL, NULL),
(254, '254', 'Cultivo micológico (hongos)', 5, 'CUL MIC', 30, 1, '3145', 1, 1, 421.90, 1, NULL, NULL),
(255, '255', 'Cultivo para búsqueda de anaerobios', 5, 'CUL AN', 4, 1, '3116', 1, 1, 211.20, 1, NULL, NULL),
(256, '256', 'Cultivo para Mycobacterium tuberculosis', 5, 'CUL MT', 42, 1, '15006', 2, 1, 1948.80, 1, NULL, NULL),
(257, '257', 'Dehidroepiandrosterona sulfato (DHEA SO4)', 5, 'DHEASO4', 1, 1, '60', 1, 1, 188.80, 1, NULL, NULL),
(258, '258', 'Dehidroepiandrosterona total (DHEA)', 5, 'DHEA', 1, 1, '3117', 1, 1, 180.20, 1, NULL, NULL),
(259, '259', 'Dehidrotestosterona (DHT)', 5, 'DHT', 3, 1, '3210', 1, 1, 200.20, 1, NULL, NULL),
(260, '260', 'Depuración de creatinina en orina de 24 horas', 1, 'DEP CREA', 1, 0, '1661', 1, 1, 231.00, 1, NULL, NULL),
(261, '261', 'Depuración de urea', 1, 'DEP UREA', 1, 0, '3192', 1, 1, 92.40, 1, NULL, NULL),
(262, '262', 'Diazepam (valium, alboral)', 5, 'DIAZ', 3, 1, '20057', 2, 1, 2147.60, 1, NULL, NULL),
(263, '263', 'Digoxina', 5, 'DIGO', 1, 1, '66', 1, 1, 221.70, 1, NULL, NULL),
(264, '264', 'Dímero D', 5, 'DIM D', 1, 1, '244', 1, 1, 164.50, 1, NULL, NULL),
(265, '265', 'Dióxido de carbono', 1, 'CO2', 1, 0, '2983', 1, 1, 364.60, 1, NULL, NULL),
(266, '266', 'Dopamina', 5, 'DOPA', 4, 1, '1802', 1, 1, 54.40, 1, NULL, NULL),
(267, '267', 'Dopamina en orina ocasional', 5, 'DOPA OR24', 4, 1, '2528', 1, 1, 262.70, 1, NULL, NULL),
(268, '268', 'Dúo marcador gestacional', 5, '2MG', 3, 1, '2114', 1, 1, 262.70, 1, NULL, NULL),
(269, '269', 'Electroforesis de hemoglobina', 5, 'EL HEM', 3, 1, '67', 1, 1, 343.20, 1, NULL, NULL),
(270, '270', 'Electroforesis de lipoproteínas', 5, 'EL LIP', 2, 1, '1677', 1, 1, 1143.10, 1, NULL, NULL),
(271, '271', 'Electroforesis de proteínas', 5, 'EL PRO', 3, 1, '68', 1, 1, 726.00, 1, NULL, NULL),
(272, '272', 'Electroforesis de proteínas en orina', 5, 'EL PRO OR', 3, 1, '562', 1, 1, 185.90, 1, NULL, NULL),
(273, '273', 'Electrolitos (Na, K, Cl) en orina de 24 horas', 1, 'NAKCL OR24', 1, 0, '200', 1, 1, 237.40, 1, NULL, NULL),
(274, '274', 'Electrolitos séricos (Na, K)', 1, 'NAK', 1, 0, '3397', 1, 1, 151.80, 1, NULL, NULL),
(275, '275', 'Electrolitos séricos (Na, K, Cl)', 1, 'NAKCL', 1, 0, '3000', 1, 1, 181.10, 1, NULL, NULL),
(276, '276', 'Electrolitos séricos (Na, K, Cl, CO2)', 1, 'NAKCLCO2', 1, 0, '3398', 1, 1, 200.40, 1, NULL, NULL),
(277, '277', 'Eosinófilos en moco nasal', 5, 'EOS MN', 1, 1, '1218', 1, 1, 201.60, 1, NULL, NULL),
(278, '278', 'Eritropoyetina (EPO)', 5, 'EPO', 2, 1, '3431', 1, 1, 64.40, 1, NULL, NULL),
(279, '279', 'Espermatobioscopía directa', 5, 'ESP DIR', 1, 1, '75', 1, 1, 529.10, 1, NULL, NULL),
(280, '280', 'Espermatobioscopía indirecta Sims Hunher', 5, 'ESP IND', 1, 1, '15043', 2, 1, 535.90, 1, NULL, NULL),
(281, '281', 'Estradiol (E2)', 5, 'E2', 1, 1, '77', 1, 1, 104.40, 1, NULL, NULL),
(282, '282', 'Estriol sérico no conjugado (uE3)', 5, 'UE3', 2, 1, '3216', 1, 1, 193.10, 1, NULL, NULL),
(283, '283', 'Estrógenos totales', 5, 'ESTROG', 1, 1, '2939', 1, 1, 114.40, 1, NULL, NULL),
(284, '284', 'Estrona', 5, 'ESTRON', 3, 1, '560', 1, 1, 193.10, 1, NULL, NULL),
(285, '285', 'Examen general de orina', 3, 'EGO', 1, 0, '83', 1, 1, 52.90, 1, NULL, NULL),
(286, '286', 'Factor II de la coagulación', 5, 'F II', 3, 1, '1147', 1, 1, 324.60, 1, NULL, NULL),
(287, '287', 'Factor IX de la coagulación', 5, 'F IX', 3, 1, '1768', 1, 1, 336.10, 1, NULL, NULL),
(288, '288', 'Factor reumatoide (FR LATEX)', 4, 'FR', 1, 0, '1956', 1, 1, 113.00, 1, NULL, NULL),
(289, '289', 'Factor reumatoide cuantitativo', 4, 'FR CUANT', 1, 0, '85', 1, 1, 104.30, 1, NULL, NULL),
(290, '290', 'Factor V de la coagulación', 5, 'F V', 2, 1, '2578', 1, 1, 324.60, 1, NULL, NULL),
(291, '291', 'Factor V mutación Leiden', 5, 'F V LEI', 6, 1, '1769', 1, 1, 3049.20, 1, NULL, NULL),
(292, '292', 'Factor VII de la coagulación', 5, 'F VII', 3, 1, '1770', 1, 1, 324.60, 1, NULL, NULL),
(293, '293', 'Factor VIII de la coagulación', 5, 'F VIII', 3, 1, '1771', 1, 1, 324.60, 1, NULL, NULL),
(294, '294', 'Factor Von Willebrand antigénico', 5, 'F VW', 3, 1, '1132', 1, 1, 908.10, 1, NULL, NULL),
(295, '295', 'Factor X de la coagulación', 5, 'F X', 3, 1, '1772', 1, 1, 324.60, 1, NULL, NULL),
(296, '296', 'Factor XI de la coagulación', 5, 'F XI', 3, 1, '1773', 1, 1, 324.60, 1, NULL, NULL),
(297, '297', 'Factor XII de la coagulación', 5, 'F XII', 3, 1, '1774', 1, 1, 324.60, 1, NULL, NULL),
(298, '298', 'Factor XIII de la coagulación', 5, 'F XIII', 3, 1, '1775', 1, 1, 324.60, 1, NULL, NULL),
(299, '299', 'Fenitoína (DFH)', 5, 'DFH', 1, 1, '65', 1, 1, 186.10, 1, NULL, NULL),
(300, '300', 'Fenobarbital', 5, 'FENOB', 2, 1, '86', 1, 1, 221.70, 1, NULL, NULL),
(301, '301', 'Ferritina', 5, 'FERR', 1, 1, '87', 1, 1, 147.30, 1, NULL, NULL),
(302, '302', 'Fibrinógeno', 5, 'FIBRI', 1, 1, '88', 1, 1, 117.30, 1, NULL, NULL),
(303, '303', 'Filtrado glomerular', 5, 'FG', 1, 1, '3136', 1, 1, 124.10, 1, NULL, NULL),
(304, '304', 'Fórmula blanca', 2, 'FORM B', 1, 0, '90', 1, 1, 47.20, 1, NULL, NULL),
(305, '305', 'Fórmula roja', 2, 'FORM R', 1, 0, '3073', 1, 1, 47.20, 1, NULL, NULL),
(306, '306', 'Fosfatasa ácida fracción prostática', 5, 'FOS AC FP', 1, 1, '1883', 1, 1, 118.80, 1, NULL, NULL),
(307, '307', 'Fosfatasa ácida total', 1, 'FOS AC', 1, 0, '92', 1, 1, 55.80, 1, NULL, NULL),
(308, '308', 'Fosfatasa alcalina', 1, 'FOS ALC', 1, 0, '95', 1, 1, 68.70, 1, NULL, NULL),
(309, '309', 'Fosfolípidos', 5, 'FOSFO', 1, 1, '96', 1, 1, 111.50, 1, NULL, NULL),
(310, '310', 'Fósforo', 1, 'P', 1, 0, '97', 1, 1, 65.80, 1, NULL, NULL),
(311, '311', 'Fósforo en orina de 24 horas', 1, 'P OR24', 1, 0, '1706', 1, 1, 71.50, 1, NULL, NULL),
(312, '312', 'Fracción beta de HGC', 5, 'BHGC', 1, 1, '1210', 1, 1, 138.60, 1, NULL, NULL),
(313, '313', 'Fragilidad osmótica de eritrocitos', 5, 'ERITROS', 2, 1, '168', 1, 1, 188.80, 1, NULL, NULL),
(314, '314', 'Frotis de sangre periférica', 2, 'FROTIS SP', 1, 0, '2436', 1, 1, 42.90, 1, NULL, NULL),
(315, '315', 'Fructosa en semen', 5, 'FRUCT SEM', 3, 1, '16277', 2, 1, 408.80, 1, NULL, NULL),
(316, '316', 'Fructosamina', 5, 'FRUCTOS', 1, 1, '16121', 2, 1, 532.00, 1, NULL, NULL),
(317, '317', 'Gamma glutamil transferasa', 1, 'GGT', 1, 0, '101', 1, 1, 70.10, 1, NULL, NULL),
(318, '318', 'Gastrina', 5, 'GASTRI', 3, 1, '104', 1, 1, 228.80, 1, NULL, NULL),
(319, '319', 'Glucagón', 5, 'GLUCA', 12, 1, '22097', 2, 1, 1631.00, 1, NULL, NULL),
(320, '320', 'Glucosa', 1, 'GLU', 1, 0, '109', 1, 1, 31.50, 1, NULL, NULL),
(321, '321', 'Glucosa 6 fosfato deshidrogenasa neonatal', 5, 'G6P NN', 5, 1, '19658', 2, 1, 491.40, 1, NULL, NULL),
(322, '322', 'Glucosa post prandial', 1, 'GLU PP', 1, 0, '1018', 1, 1, 31.50, 1, NULL, NULL),
(323, '323', 'Glucosa urinaria', 1, 'GLU OR', 1, 0, '111', 1, 1, 34.40, 1, NULL, NULL),
(324, '324', 'Gota gruesa (investigación de plasmodium sp)', 5, 'GOTA', 1, 1, '3027', 1, 1, 64.40, 1, NULL, NULL),
(325, '325', 'Grupo sanguíneo y factor RH', 4, 'GS RH', 1, 0, '2974', 1, 1, 48.60, 1, NULL, NULL),
(326, '326', 'Haemophilus influenzae A y B', 5, 'INFLU AB', 1, 1, '1422', 1, 1, 488.40, 1, NULL, NULL),
(327, '327', 'Haptoglobina', 5, 'HAPTO', 2, 1, '2179', 1, 1, 330.30, 1, NULL, NULL),
(328, '328', 'Hemocultivo', 5, 'HEMOC', 27, 1, '2940', 1, 1, 231.00, 1, NULL, NULL),
(329, '329', 'Hemoglobina A1c', 1, 'A1C', 1, 0, '121', 1, 1, 164.50, 1, NULL, NULL),
(330, '330', 'Hierro', 1, 'FE', 1, 0, '133', 1, 1, 60.10, 1, NULL, NULL),
(331, '331', 'HLA Clase I AB', 5, 'HLA I', 0, 1, 'PEND', 3, 1, 4290.00, 1, NULL, NULL),
(332, '332', 'HLA Clase I AB y II DR DQ', 5, 'HLA I II', 0, 1, 'PEND', 3, 1, 8800.00, 1, NULL, NULL),
(333, '333', 'HLA Clase II DR DQ', 5, 'HLA I', 0, 1, 'PEND', 3, 1, 4950.00, 1, NULL, NULL),
(334, '334', 'Homocisteína', 5, 'HOMOCIS', 2, 1, '1754', 1, 1, 617.80, 1, NULL, NULL),
(335, '335', 'Hormona adrenocorticotrófica (ACTH)', 5, 'ACTH', 1, 1, '134', 1, 1, 253.10, 1, NULL, NULL),
(336, '336', 'Hormona anti mulleriana', 5, 'MULLER', 3, 1, '3114', 1, 1, 1899.00, 1, NULL, NULL),
(337, '337', 'Hormona antidiurética (vasopresina)', 5, 'VASOP', 11, 1, '2203', 1, 1, 300.30, 1, NULL, NULL),
(338, '338', 'Hormona de crecimiento basal', 5, 'CREBAS', 1, 1, '137', 1, 1, 167.30, 1, NULL, NULL),
(339, '339', 'Hormona estimulante de tiroides (TSH)', 5, 'TSH', 1, 1, '138', 1, 1, 90.10, 1, NULL, NULL),
(340, '340', 'Hormona folículo estimulante (FSH)', 5, 'FSH', 1, 1, '139', 1, 1, 98.70, 1, NULL, NULL),
(341, '341', 'Hormona luteinizante (LH)', 5, 'LH', 1, 1, '141', 1, 1, 97.30, 1, NULL, NULL),
(342, '342', 'Hormona paratiroidea (parathormona/PTH intacta)', 5, 'PTH', 1, 1, '2193', 1, 1, 321.80, 1, NULL, NULL),
(343, '343', 'Índice aterogénico', 1, 'IND ATE', 1, 0, '1266', 1, 1, 87.20, 1, NULL, NULL),
(344, '344', 'Índice de tiroxina libre (ITL)', 5, 'ITL', 1, 1, '686', 1, 1, 108.20, 1, NULL, NULL),
(345, '345', 'Índice HOMA', 5, 'HOMA', 1, 1, '3120', 1, 1, 195.60, 1, NULL, NULL),
(346, '346', 'Inhibina A', 5, 'INH A', 5, 1, '2228', 1, 1, 1275.60, 1, NULL, NULL),
(347, '347', 'Inmunofenotipo', 5, 'INMFEN', 4, 1, '17088', 2, 1, 12475.40, 1, NULL, NULL),
(348, '348', 'Inmunoglobulina A', 5, 'IGA', 1, 1, '144', 1, 1, 134.40, 1, NULL, NULL),
(349, '349', 'Inmunoglobulina D', 5, 'IGD', 3, 1, '476', 1, 1, 143.00, 1, NULL, NULL),
(350, '350', 'Inmunoglobulina E', 5, 'IGE', 1, 1, '145', 1, 1, 108.70, 1, NULL, NULL),
(351, '351', 'Inmunoglobulina G', 5, 'IGG', 1, 1, '146', 1, 1, 111.50, 1, NULL, NULL),
(352, '352', 'Inmunoglobulina M', 5, 'IGM', 1, 1, '147', 1, 1, 124.40, 1, NULL, NULL),
(353, '353', 'Insulina basal', 5, 'INSUL', 1, 1, '838', 1, 1, 135.90, 1, NULL, NULL),
(354, '354', 'Isoenzimas de lactato deshidrogenasa', 5, 'LDH ISO', 12, 1, '1330', 1, 1, 400.40, 1, NULL, NULL),
(355, '355', 'Lactato deshidrogenasa', 1, 'LDH', 1, 0, '63', 1, 1, 66.00, 1, NULL, NULL),
(356, '356', 'Lamotrigina', 5, 'LAMOT', 9, 1, '846', 1, 1, 1036.80, 1, NULL, NULL),
(357, '357', 'Lipasa', 1, 'LIP', 1, 0, '160', 1, 1, 104.40, 1, NULL, NULL),
(358, '358', 'Lipasa en orina de 24 horas', 1, 'LIP OR24', 1, 0, '3407', 1, 1, 110.60, 1, NULL, NULL),
(359, '359', 'Lípidos totales', 1, 'LIPTOT', 1, 0, '2941', 1, 1, 70.10, 1, NULL, NULL),
(360, '360', 'Litio', 5, 'LI', 1, 1, '164', 1, 1, 107.30, 1, NULL, NULL),
(361, '361', 'Magnesio', 1, 'MG', 1, 0, '165', 1, 1, 93.00, 1, NULL, NULL),
(362, '362', 'Magnesio en orina de 24 horas', 1, 'MG OR24', 1, 0, '166', 1, 1, 98.70, 1, NULL, NULL),
(363, '363', 'Metanefrinas', 5, 'METAN', 3, 1, '1502', 1, 1, 350.40, 1, NULL, NULL),
(364, '364', 'Metanefrinas totales en orina de 24 horas', 5, 'METAN OR24', 3, 1, '2137', 1, 1, 323.40, 1, NULL, NULL),
(365, '365', 'Microalbúmina en orina de 24 horas', 1, 'MALB OR24', 1, 0, '2236', 1, 1, 165.00, 1, NULL, NULL),
(366, '366', 'Mioglobina', 5, 'MIOG', 2, 1, '3189', 1, 1, 426.40, 1, NULL, NULL),
(367, '367', 'Monotest (Paul Bunell)', 5, 'PAULB', 1, 1, '608', 1, 1, 179.50, 1, NULL, NULL),
(368, '368', 'Mycobacterium tuberculosis por PCR', 5, 'PCR MT', 4, 1, '3292', 1, 1, 2494.80, 1, NULL, NULL),
(369, '369', 'Mycoplasma genitalium por PCR', 5, 'PCR MG', 4, 1, '1742', 1, 1, 2494.80, 1, NULL, NULL),
(370, '370', 'Nicotina en orina (cotinina)', 5, 'NICOT OR', 2, 1, '2242', 1, 1, 231.70, 1, NULL, NULL),
(371, '371', 'Nitrógeno ureico (BUN)', 1, 'BUN', 1, 0, '171', 1, 1, 40.10, 1, NULL, NULL),
(372, '372', 'Nitrógeno ureico en orina de 24 horas', 1, 'BUN OR24', 1, 0, '3412', 1, 1, 42.90, 1, NULL, NULL),
(373, '373', 'Noradrenalina', 5, 'NORAD', 3, 1, '3167', 1, 1, 389.40, 1, NULL, NULL),
(374, '374', 'Noradrenalina en orina de 24 horas', 5, 'NORAD OR24', 3, 1, '1807', 1, 1, 421.90, 1, NULL, NULL),
(375, '375', 'Opiáceos', 3, 'OPIA', 1, 0, '327', 1, 1, 193.10, 1, NULL, NULL),
(376, '376', 'Osteocalcina', 5, 'OSTEO', 4, 1, '2244', 1, 1, 397.60, 1, NULL, NULL),
(377, '377', 'Oxalatos en orina de 24 horas', 5, 'OXAL OR24', 5, 1, '2512', 1, 1, 286.00, 1, NULL, NULL),
(378, '378', 'Oxcarbazepina (trileptal)', 5, 'OXCARB', 12, 1, '3257', 1, 1, 1108.30, 1, NULL, NULL),
(379, '379', 'Panel reactivo de anticuerpos', 5, 'PRA', 0, 1, 'PEND', 3, 1, 3300.00, 1, NULL, NULL),
(380, '380', 'Papanicolaou cérvico vaginal', 5, 'PAPAN', 4, 1, '1633', 1, 1, 114.40, 1, NULL, NULL),
(381, '381', 'PCR para detección y genotipificación del VPH', 5, 'VPH PCR', 6, 1, '3186', 1, 1, 1430.00, 1, NULL, NULL),
(382, '382', 'Péptido C', 5, 'PEP C', 1, 1, '178', 1, 1, 168.70, 1, NULL, NULL),
(383, '383', 'Péptido natriurético cerebral (BNP)', 5, 'BNP', 3, 1, '2883', 1, 1, 1284.20, 1, NULL, NULL),
(384, '384', 'Plomo', 5, 'PB', 4, 1, '2168', 1, 1, 407.60, 1, NULL, NULL),
(385, '385', 'Potasio', 1, 'K', 1, 0, '219', 1, 1, 60.10, 1, NULL, NULL),
(386, '386', 'Potasio en orina de 24 horas', 1, 'K OR24', 1, 0, '2989', 1, 1, 60.10, 1, NULL, NULL),
(387, '387', 'Procalcitonina', 5, 'PROCAL', 1, 1, '2559', 1, 1, 224.50, 1, NULL, NULL),
(388, '388', 'Progesterona', 5, 'PROG', 1, 1, '224', 1, 1, 98.70, 1, NULL, NULL),
(389, '389', 'Prolactina', 5, 'PROL', 1, 1, '225', 1, 1, 98.70, 1, NULL, NULL),
(390, '390', 'Proteína A (PAPP A)', 5, 'PAPPA', 2, 1, '2458', 1, 1, 526.20, 1, NULL, NULL),
(391, '391', 'Proteína C de la coagulación', 5, 'PC CO', 3, 1, '226', 1, 1, 1238.40, 1, NULL, NULL),
(392, '392', 'Proteína C reactiva', 4, 'PCR', 1, 0, '1955', 1, 1, 88.70, 1, NULL, NULL),
(393, '393', 'Proteína C reactiva ultra sensible', 5, 'PCR US', 1, 1, '3010', 1, 1, 257.40, 1, NULL, NULL),
(394, '394', 'Proteína S de la coagulación', 5, 'PS CO', 3, 1, '2346', 1, 1, 1381.40, 1, NULL, NULL),
(395, '395', 'Proteínas de Bence Jones', 5, 'PRT BJ', 1, 1, '227', 1, 1, 234.50, 1, NULL, NULL),
(396, '396', 'Proteínas en líquido cefalorraquídeo', 5, 'PRT LCR', 1, 1, '2438', 1, 1, 78.50, 1, NULL, NULL),
(397, '397', 'Proteínas en orina de 24 horas', 1, 'PRT OR24', 1, 0, '230', 1, 1, 78.50, 1, NULL, NULL),
(398, '398', 'Proteínas totales', 1, 'PRT', 1, 0, '967', 1, 1, 57.20, 1, NULL, NULL),
(399, '399', 'Prueba de paternidad (2 muestras)', 5, 'PP 2M', 4, 1, '25174', 2, 1, 5500.00, 1, NULL, NULL),
(400, '400', 'Prueba de paternidad (3 muestras)', 5, 'PP3M', 4, 1, '25122', 2, 1, 8250.00, 1, NULL, NULL),
(401, '401', 'Prueba inmunológica de embarazo en orina', 4, 'PIE OR', 1, 0, '2177', 1, 1, 98.70, 1, NULL, NULL),
(402, '402', 'Prueba inmunológica de embarazo en sangre', 4, 'PIE', 1, 0, '2177', 1, 1, 107.30, 1, NULL, NULL),
(403, '403', 'Pruebas de compatibilidad (cruzadas)', 5, 'PC CRUZ', 1, 1, '877', 1, 1, 328.90, 1, NULL, NULL),
(404, '404', 'Pyrilinks D (deoxipirinolina)', 5, 'PYRIL', 3, 1, '3172', 1, 1, 483.40, 1, NULL, NULL),
(405, '405', 'Reacciones febriles', 4, 'RF', 1, 0, '238', 1, 1, 100.10, 1, NULL, NULL),
(406, '406', 'Renina', 5, 'RENINA', 2, 1, '240', 1, 1, 231.70, 1, NULL, NULL),
(407, '407', 'Reticulocitos', 5, 'RETIC', 1, 1, '2344', 1, 1, 45.80, 1, NULL, NULL),
(408, '408', 'Rosa de bengala (Anticuerpos anti Brucella)', 5, 'RBENG', 2, 1, '1160', 1, 1, 180.20, 1, NULL, NULL),
(409, '409', 'Rotavirus en heces', 5, 'ROTA HEC', 1, 1, '1972', 1, 1, 257.40, 1, NULL, NULL),
(410, '410', 'Sangre oculta en heces (Guayaco)', 5, 'GUAYA', 1, 1, '1971', 1, 1, 93.00, 1, NULL, NULL),
(411, '411', 'Serotonina', 5, 'SEROT', 5, 1, '567', 1, 1, 981.00, 1, NULL, NULL),
(412, '412', 'Sirolimus', 5, 'SIROL', 3, 1, '2686', 1, 1, 808.00, 1, NULL, NULL),
(413, '413', 'Sodio', 1, 'NA', 1, 0, '250', 1, 1, 52.90, 1, NULL, NULL),
(414, '414', 'Sodio en orina de 24 horas', 1, 'NA OR24', 1, 0, '251', 1, 1, 57.20, 1, NULL, NULL),
(415, '415', 'Somatomedina C (IgF I)', 5, 'IGF1', 2, 1, '2187', 1, 1, 450.50, 1, NULL, NULL),
(416, '416', 'Somatomedina C (IgFBP 3)', 5, 'IGFBP3', 2, 1, '2227', 1, 1, 579.20, 1, NULL, NULL),
(417, '417', 'Subpoblación de linfocitos NK, B', 5, 'SL NKB', 0, 1, 'PEND', 3, 1, 1320.00, 1, NULL, NULL),
(418, '418', 'Subpoblación de linfocitos T (CD3, CD4 y CD8)', 5, 'CD3CD4CD8', 0, 1, 'PEND', 3, 1, 1320.00, 1, NULL, NULL),
(419, '419', 'Subpoblación de linfocitos T, NK, B', 5, 'SL TNKB', 0, 1, 'PEND', 3, 1, 2420.00, 1, NULL, NULL),
(420, '420', 'T3 uptake', 5, 'T3UP', 1, 1, '2955', 1, 1, 98.70, 1, NULL, NULL),
(421, '421', 'Tacrolimus (Prograf)', 5, 'TACRO', 3, 1, '3177', 1, 1, 663.50, 1, NULL, NULL),
(422, '422', 'Teofilina (Aminofilina)', 5, 'TEOFI', 3, 1, '2200', 1, 1, 185.90, 1, NULL, NULL),
(423, '423', 'Testosterona libre', 5, 'TEST L', 1, 1, '257', 1, 1, 134.40, 1, NULL, NULL),
(424, '424', 'Testosterona total', 5, 'TEST T', 1, 1, '256', 1, 1, 101.50, 1, NULL, NULL),
(425, '425', 'Tiempo de protrombina (TP)', 5, 'TP', 1, 1, '259', 1, 1, 78.70, 1, NULL, NULL),
(426, '426', 'Tiempo de trombina (TT)', 5, 'TT', 1, 1, '261', 1, 1, 84.40, 1, NULL, NULL),
(427, '427', 'Tiempo de tromboplastina parcial activado (TTPa)', 5, 'TTPA', 1, 1, '1793', 1, 1, 78.70, 1, NULL, NULL),
(428, '428', 'Tinción de Gram', 5, 'TIN G', 1, 1, '2288', 1, 1, 67.20, 1, NULL, NULL),
(429, '429', 'Tinción de tinta china', 5, 'TIN TC', 1, 1, '269', 1, 1, 84.40, 1, NULL, NULL),
(430, '430', 'Tinción de Wright', 5, 'TIN WR', 1, 1, '2619', 1, 1, 45.80, 1, NULL, NULL),
(431, '431', 'Tinción de Ziehl Neelsen', 5, 'TIN ZN', 1, 1, '2014', 1, 1, 111.50, 1, NULL, NULL),
(432, '432', 'Tiroglobulina', 5, 'TIROG', 1, 1, '271', 1, 1, 157.30, 1, NULL, NULL),
(433, '433', 'Tiroxina (T4) captación', 5, 'T4 CAP', 1, 1, '3005', 1, 1, 97.30, 1, NULL, NULL),
(434, '434', 'Tiroxina (T4) libre', 5, 'T4 L', 1, 1, '1388', 1, 1, 97.30, 1, NULL, NULL),
(435, '435', 'Tiroxina (T4) total', 5, 'T4 T', 1, 1, '273', 1, 1, 88.70, 1, NULL, NULL),
(436, '436', 'Tiroxina (T4) yodo', 5, 'T4 I', 1, 1, '3011', 1, 1, 80.10, 1, NULL, NULL),
(437, '437', 'Transferrina', 5, 'TRANS', 1, 1, '279', 1, 1, 117.30, 1, NULL, NULL),
(438, '438', 'Triglicéridos', 1, 'TRIG', 1, 0, '281', 1, 1, 45.80, 1, NULL, NULL),
(439, '439', 'Triple marcador gestacional', 5, '3MG', 3, 1, '1491', 1, 1, 600.60, 1, NULL, NULL),
(440, '440', 'Triyodotironina (T3) libre', 5, 'T3 L', 1, 1, '7', 1, 1, 113.00, 1, NULL, NULL),
(441, '441', 'Triyodotironina (T3) total', 5, 'T3 T', 1, 1, '1282', 1, 1, 90.10, 1, NULL, NULL),
(442, '442', 'Troponina I', 5, 'TROP I', 1, 1, '290', 1, 1, 780.80, 1, NULL, NULL),
(443, '443', 'Troponina T', 5, 'TROP T', 1, 1, '2943', 1, 1, 780.80, 1, NULL, NULL),
(444, '444', 'Urea', 1, 'UREA', 1, 0, '284', 1, 1, 27.20, 1, NULL, NULL),
(445, '445', 'Urea en orina 24 horas', 1, 'UREA OR24', 1, 0, '1648', 1, 1, 45.80, 1, NULL, NULL),
(446, '446', 'VDRL (reacciones seroluéticas)', 4, 'VDRL', 1, 0, '286', 1, 1, 68.70, 1, NULL, NULL),
(447, '447', 'Velocidad de sedimentación globular (VSG)', 2, 'VSG', 1, 0, '288', 1, 1, 37.20, 1, NULL, NULL),
(448, '448', 'Vitamina A (retinol)', 5, 'VIT A', 9, 1, '2205', 1, 1, 306.00, 1, NULL, NULL),
(449, '449', 'Vitamina B1 (tiamina)', 5, 'VIT B1', 9, 1, '2206', 1, 1, 427.60, 1, NULL, NULL),
(450, '450', 'Vitamina B12 (cianocobalamina)', 5, 'VIT B12', 1, 1, '291', 1, 1, 263.20, 1, NULL, NULL),
(451, '451', 'Vitamina B6 (piridoxina)', 5, 'VIT B6', 10, 1, '3178', 1, 1, 1575.90, 1, NULL, NULL),
(452, '452', 'Vitamina C (ácido ascórbico)', 5, 'VIT C', 12, 1, '16072', 2, 1, 2210.60, 1, NULL, NULL),
(453, '453', 'Vitamina D (25 OH)', 5, 'VIT D', 1, 1, '2209', 1, 1, 417.60, 1, NULL, NULL),
(454, '454', 'Vitamina E', 5, 'VIT E', 10, 1, '22214', 2, 1, 2912.00, 1, NULL, NULL),
(455, '455', 'Vitamina K', 5, 'VIT K', 10, 1, '17078', 2, 1, 4741.80, 1, NULL, NULL),
(456, '456', 'Western Blot VIH 1 y 2', 5, 'WB VIH', 3, 1, '293', 1, 1, 1650.00, 1, NULL, NULL),
(457, '457', 'Yodo butanólico (IB)', 5, 'IB', 1, 1, '2993', 1, 1, 80.10, 1, NULL, NULL),
(458, '458', 'Yodo proteico (IP)', 5, 'IP', 1, 1, '1272', 1, 1, 80.10, 1, NULL, NULL),
(459, '459', 'Zinc', 5, 'ZN', 5, 1, '473', 1, 1, 383.20, 1, NULL, NULL),
(460, '460', 'Zinc en orina de 24 horas', 5, 'ZN OR24', 5, 1, '295', 1, 1, 386.10, 1, NULL, NULL),
(461, '461', 'Capacidad de unión de Hierro total', 5, 'UNIONFE', 1, 1, '0', 1, 1, 0.00, 3, NULL, NULL),
(462, '462', '% de Saturación de Hierro', 5, 'SATFE', 1, 1, '0', 1, 1, 0.00, 3, NULL, NULL),
(463, '463', '17 aminoácidos por cromatografía de capa fina', 5, 'AMINOAC', 3, 1, '0', 1, 1, 0.00, 3, NULL, NULL),
(464, '464', 'Anión GAP', 5, 'GAP', 1, 1, '0', 1, 1, 0.00, 3, NULL, NULL),
(465, '465', 'Biotinidasa', 5, 'BIOTI', 3, 1, '0', 1, 1, 0.00, 3, NULL, NULL),
(466, '466', 'Esteres de Colesterol', 5, 'ESTCOL', 1, 1, '0', 1, 1, 0.00, 3, NULL, NULL),
(467, '467', 'Fenilalanina Neonatal', 5, 'FEN NN', 3, 1, '0', 1, 1, 0.00, 3, NULL, NULL),
(468, '468', 'Galactosa Total', 5, 'GALAC', 3, 1, '0', 1, 1, 0.00, 3, NULL, NULL),
(469, '469', 'Globulina', 5, 'GLOB', 1, 1, '0', 1, 1, 0.00, 3, NULL, NULL),
(470, '470', 'Hormona Estimulante de Tiroides Neonatal', 5, 'TSH NN', 3, 1, '0', 1, 1, 0.00, 3, NULL, NULL),
(471, '471', 'Inmunotripsina Reactiva', 5, 'TRIPSI', 3, 1, '0', 1, 1, 0.00, 3, NULL, NULL),
(472, '472', 'Insulina Post-Prandial ', 5, 'INS PP', 1, 1, '0', 1, 1, 0.00, 3, NULL, NULL),
(473, '473', 'Mycoplasma hominis por PCR', 5, 'MYCHO PCR', 7, 1, '0', 1, 1, 0.00, 3, NULL, NULL),
(474, '474', 'Neisseria gonorrhoeae por PCR', 5, 'NEISG PCR', 7, 1, '0', 1, 1, 0.00, 3, NULL, NULL),
(475, '475', 'Proteínas Totales con Relación A/G', 5, 'PRT AG', 1, 1, '0', 1, 1, 0.00, 3, NULL, NULL),
(476, '476', 'Relación Albúmina/Globulina', 5, 'ALBGLO', 1, 1, '0', 1, 1, 0.00, 3, NULL, NULL),
(477, '477', 'Relación BUN/Creatinina', 5, 'BUNCRE', 1, 1, '0', 1, 1, 0.00, 3, NULL, NULL),
(478, '478', 'Tiroxina (T4) Neonatal', 5, 'T4 NN', 1, 1, '0', 1, 1, 0.00, 3, NULL, NULL),
(479, '479', 'Ureaplasma urealyticum por PCR ', 5, 'URUR PCR', 7, 1, '0', 1, 1, 0.00, 3, NULL, NULL),
(480, '480', 'Perfil adolescente femenino', 50, 'ADFEM', 1, 1, '3056', 1, 1, 297.50, 2, NULL, NULL),
(481, '481', 'Perfil adolescente masculino', 50, 'ADMAS', 1, 1, '2247', 1, 1, 264.50, 2, NULL, NULL),
(482, '482', 'Perfil androgénico (hirsutismo)', 50, 'ANDRO', 1, 1, '1288', 1, 1, 650.70, 2, NULL, NULL),
(483, '483', 'Perfil autoinmune I', 50, 'AUT I', 1, 1, '3164', 1, 1, 1208.50, 2, NULL, NULL),
(484, '484', 'Perfil autoinmune II', 50, 'AUT II', 1, 1, '2249', 1, 1, 1337.00, 2, NULL, NULL),
(485, '485', 'Perfil autoinmune III', 50, 'AUT III', 1, 1, '3166', 1, 1, 1477.20, 2, NULL, NULL),
(486, '486', 'Perfil autoinmune IV', 50, 'AUT IV', 1, 1, '3165', 1, 1, 1151.20, 2, NULL, NULL),
(487, '487', 'Perfil bilirrubinas', 50, 'BILI', 1, 0, '1364', 1, 1, 66.00, 2, NULL, NULL),
(488, '488', 'Perfil cardíaco', 50, 'CARDIA', 1, 0, '2945', 1, 1, 254.60, 2, NULL, NULL),
(489, '489', 'Perfil catecolaminas en orina', 50, 'CAT OR', 3, 1, '2590', 1, 1, 697.80, 2, NULL, NULL),
(490, '490', 'Perfil catecolaminas en plasma', 50, 'CAT PL', 3, 1, '307', 1, 1, 836.60, 2, NULL, NULL),
(491, '491', 'Perfil climaterio', 50, 'CLIM', 1, 1, '1888', 1, 1, 310.30, 2, NULL, NULL),
(492, '492', 'Perfil colesterol', 50, 'COL', 1, 0, '2963', 1, 1, 151.80, 2, NULL, NULL),
(493, '493', 'Perfil de alcoholismo', 50, 'ALC', 1, 0, '2518', 1, 1, 569.20, 2, NULL, NULL),
(494, '494', 'Perfil de amenorrea', 50, 'AMENO', 2, 1, '330', 1, 1, 627.80, 2, NULL, NULL),
(495, '495', 'Perfil de anemias', 50, 'ANEM I', 1, 1, '2264', 1, 1, 607.80, 2, NULL, NULL),
(496, '496', 'Perfil de anticuerpos extraíbles del nucleo', 50, 'NUCL', 1, 1, '2250', 1, 1, 999.60, 2, NULL, NULL),
(497, '497', 'Perfil de artritis', 50, 'ARTR', 1, 1, '2265', 1, 1, 503.40, 2, NULL, NULL),
(498, '498', 'Perfil de drogas de abuso I', 50, 'DRO I', 1, 0, '2270', 1, 1, 224.50, 2, NULL, NULL),
(499, '499', 'Perfil de drogas de abuso II', 50, 'DRO II', 1, 0, '3019', 1, 1, 337.50, 2, NULL, NULL),
(500, '500', 'Perfil de drogas de abuso III', 50, 'DRO III', 1, 0, '2271', 1, 1, 523.40, 2, NULL, NULL),
(501, '501', 'Perfil de hepatitis A y B', 50, 'HEP AB', 1, 1, '2503', 1, 1, 1053.90, 2, NULL, NULL),
(502, '502', 'Perfil de hepatitis A, B y C', 50, 'HEP ABC', 1, 1, '2122', 1, 1, 1468.60, 2, NULL, NULL),
(503, '503', 'Perfil de hepatitis A, B, C y D', 50, 'HEP ABCD', 1, 1, '3171', 1, 1, 2239.40, 2, NULL, NULL),
(504, '504', 'Perfil de hierro', 50, 'CINFE', 1, 1, '2539', 1, 1, 180.20, 2, NULL, NULL),
(505, '505', 'Perfil de inmunoglobulinas', 50, 'IGS', 1, 1, '1269', 1, 1, 510.50, 2, NULL, NULL),
(506, '506', 'Perfil de lípidos I', 50, 'LIPI I', 1, 0, '2995', 1, 1, 278.80, 2, NULL, NULL),
(507, '507', 'Perfil de lípidos II', 50, 'LIPI II', 1, 0, '1297', 1, 1, 314.60, 2, NULL, NULL),
(508, '508', 'Perfil de lípidos III', 50, 'LIPI III', 1, 0, '1695', 1, 1, 407.60, 2, NULL, NULL),
(509, '509', 'Perfil de lupus', 50, 'LUP', 1, 1, '2952', 1, 1, 1051.10, 2, NULL, NULL),
(510, '510', 'Perfil de osteoporosis I', 50, 'OSTEO I', 2, 1, '2561', 1, 1, 1455.70, 2, NULL, NULL),
(511, '511', 'Perfil diabético I', 50, 'DIAB I', 1, 1, '2944', 1, 1, 562.00, 2, NULL, NULL),
(512, '512', 'Perfil diabético II', 50, 'DIAB II', 1, 1, '2648', 1, 1, 905.20, 2, NULL, NULL),
(513, '513', 'Perfil ginecológico', 50, 'GINEC', 1, 1, '1300', 1, 1, 471.90, 2, NULL, NULL),
(514, '514', 'Perfil hepático', 50, 'HEPA', 1, 1, '3162', 1, 1, 218.80, 2, NULL, NULL),
(515, '515', 'Perfil hepático I', 50, 'HEPA I', 1, 1, '3163', 1, 1, 722.20, 2, NULL, NULL),
(516, '516', 'Perfil hepático II', 50, 'HEPA II', 1, 1, '3061', 1, 1, 979.60, 2, NULL, NULL),
(517, '517', 'Perfil hepatitis A', 50, 'HEP A', 1, 1, '2503', 1, 1, 298.30, 2, NULL, NULL),
(518, '518', 'Perfil hipofisiario', 50, 'HIPOF', 1, 1, '2159', 1, 1, 697.80, 2, NULL, NULL),
(519, '519', 'Perfil hormonal femenino I', 50, 'HFEM I', 1, 1, '3016', 1, 1, 669.20, 2, NULL, NULL),
(520, '520', 'Perfil hormonal femenino II', 50, 'HFEM II', 1, 1, '3021', 1, 1, 806.50, 2, NULL, NULL),
(521, '521', 'Perfil hormonal masculino I', 50, 'HMAS I', 1, 1, '3078', 1, 1, 669.20, 2, NULL, NULL),
(522, '522', 'Perfil hormonal masculino II', 50, 'HMAS II', 1, 1, '2105', 1, 1, 809.30, 2, NULL, NULL),
(523, '523', 'Perfil infeccioso por PCR', 50, 'INF PCR', 7, 1, '3209', 1, 1, 1351.40, 2, NULL, NULL),
(524, '524', 'Perfil marcadores tumorales básico', 50, 'TUM BA', 1, 1, '1889', 1, 1, 447.60, 2, NULL, NULL),
(525, '525', 'Perfil marcadores tumorales de colon/recto', 50, 'COLREC', 1, 1, '3088', 1, 1, 411.80, 2, NULL, NULL),
(526, '526', 'Perfil marcadores tumorales de estómago', 50, 'EST', 1, 1, '3075', 1, 1, 968.10, 2, NULL, NULL),
(527, '527', 'Perfil marcadores tumorales de hígado', 50, 'HIG', 1, 1, '3131', 1, 1, 583.40, 2, NULL, NULL),
(528, '528', 'Perfil marcadores tumorales de mama', 50, 'MAM', 1, 1, '3087', 1, 1, 411.80, 2, NULL, NULL),
(529, '529', 'Perfil marcadores tumorales de mieloma/linfoma', 50, 'LINF', 1, 1, '3090', 1, 1, 583.40, 2, NULL, NULL),
(530, '530', 'Perfil marcadores tumorales de ovario', 50, 'OVA', 1, 1, '3089', 1, 1, 530.50, 2, NULL, NULL),
(531, '531', 'Perfil marcadores tumorales de páncreas', 50, 'PAN', 1, 1, '2956', 1, 1, 411.80, 2, NULL, NULL),
(532, '532', 'Perfil marcadores tumorales de próstata', 50, 'PROS', 1, 1, '2959', 1, 1, 190.20, 2, NULL, NULL),
(533, '533', 'Perfil marcadores tumorales de testículo', 50, 'TEST', 1, 1, '3080', 1, 1, 383.20, 2, NULL, NULL),
(534, '534', 'Perfil marcadores tumorales de tiroides', 50, 'TIR', 1, 1, '1892', 1, 1, 333.20, 2, NULL, NULL),
(535, '535', 'Perfil neonatal I (tamiz metabólico I)', 50, 'NEO I', 3, 1, '3025', 1, 1, 225.90, 2, NULL, NULL),
(536, '536', 'Perfil neonatal II (tamiz metabólico II)', 50, 'NEO II', 3, 1, '3064', 1, 1, 297.40, 2, NULL, NULL),
(537, '537', 'Perfil neonatal III (tamiz metabólico III)', 50, 'NEO III', 3, 1, '2011', 1, 1, 348.90, 2, NULL, NULL),
(538, '538', 'Perfil ovárico', 50, 'OVA', 1, 1, '2024', 1, 1, 250.30, 2, NULL, NULL),
(539, '539', 'Perfil para VIH (SIDA)', 50, 'VIH', 2, 1, '528', 1, 1, 1069.60, 2, NULL, NULL),
(540, '540', 'Perfil paratiroideo', 50, 'PARAT', 1, 1, '2647', 1, 1, 536.30, 2, NULL, NULL),
(541, '541', 'Perfil prenatal I', 50, 'PREN I', 1, 1, '2975', 1, 1, 358.90, 2, NULL, NULL),
(542, '542', 'Perfil prenatal II', 50, 'PREN II', 1, 1, '2643', 1, 1, 593.50, 2, NULL, NULL),
(543, '543', 'Perfil preoperatorio', 50, 'PREOP', 1, 1, '1306', 1, 1, 343.20, 2, NULL, NULL),
(544, '544', 'Perfil prostático I', 50, 'PROST I', 1, 1, '2954', 1, 1, 348.90, 2, NULL, NULL),
(545, '545', 'Perfil prostático II', 50, 'PROST II', 1, 1, '2248', 1, 1, 450.50, 2, NULL, NULL),
(546, '546', 'Perfil renal I', 50, 'REN I', 3, 1, '1675', 1, 1, 364.60, 2, NULL, NULL),
(547, '547', 'Perfil renal II', 50, 'REN II', 1, 1, '3175', 1, 1, 343.20, 2, NULL, NULL),
(548, '548', 'Perfil reumático', 50, 'REU', 3, 1, '1682', 1, 1, 397.50, 2, NULL, NULL),
(549, '549', 'Perfil suprarrenal', 50, 'SUPR', 1, 1, '1309', 1, 1, 519.10, 2, NULL, NULL),
(550, '550', 'Perfil testicular', 50, 'TESTI', 1, 1, '3176', 1, 1, 307.40, 2, NULL, NULL),
(551, '551', 'Perfil tiroideo básico', 50, 'TIR BAS', 1, 1, '3014', 1, 1, 194.50, 2, NULL, NULL),
(552, '552', 'Perfil tiroideo I', 50, 'TIR I', 1, 1, '1688', 1, 1, 225.90, 2, NULL, NULL),
(553, '553', 'Perfil tiroideo II', 50, 'TIR II', 1, 1, '3065', 1, 1, 233.10, 2, NULL, NULL),
(554, '554', 'Perfil tiroideo III', 50, 'TIR III', 1, 1, '3004', 1, 1, 526.20, 2, NULL, NULL),
(555, '555', 'Perfil TORCH I (IgG)', 50, 'TOR I', 1, 1, '198', 1, 1, 526.20, 2, NULL, NULL),
(556, '556', 'Perfil TORCH II (IgM)', 50, 'TOR II', 1, 1, '199', 1, 1, 570.60, 2, NULL, NULL),
(557, '557', 'Perfil TORCH III (IgG e IgM)', 50, 'TOR III', 1, 1, '197', 1, 1, 1021.00, 2, NULL, NULL),
(558, '558', 'Química sanguínea de 3 elementos', 50, 'QS3', 1, 0, '1303', 1, 1, 78.70, 2, NULL, NULL),
(559, '559', 'Química sanguínea de 4 elementos', 50, 'QS4', 1, 0, '1319', 1, 1, 97.20, 2, NULL, NULL),
(560, '560', 'Química sanguínea de 5 elementos', 50, 'QS5', 1, 0, '1481', 1, 1, 123.00, 2, NULL, NULL),
(561, '561', 'Química sanguínea de 6 elementos', 50, 'QS6', 1, 0, '1322', 1, 1, 157.30, 2, NULL, NULL),
(562, '562', 'Química sanguínea de 12 elementos', 50, 'QS12', 1, 0, '1320', 1, 1, 284.60, 2, NULL, NULL),
(563, '563', 'Química sanguínea de 18 elementos', 50, 'QS18', 1, 0, '2994', 1, 1, 330.30, 2, NULL, NULL),
(564, '564', 'Química sanguínea de 24 elementos', 50, 'QS24', 1, 0, '2987', 1, 1, 429.00, 2, NULL, NULL),
(565, '565', 'Química sanguínea de 27 elementos', 50, 'QS27', 1, 0, '2984', 1, 1, 457.60, 2, NULL, NULL),
(566, '566', 'Química sanguínea de 28 elementos', 50, 'QS28', 1, 0, '3416', 1, 1, 493.40, 2, NULL, NULL),
(567, '567', 'Química sanguínea de 33 elementos', 50, 'QS33', 1, 0, '2942', 1, 1, 510.60, 2, NULL, NULL),
(568, '568', 'Química sanguínea de 38 elementos', 50, 'QS38', 1, 0, '2992', 1, 1, 629.20, 2, NULL, NULL),
(569,569,'Alergeno abedul blanco', 1, 'Al-abedul blanco', 2, 1, '3078', 1, 1, 100.00, 6, NULL, NULL),
(570,570,'Alergeno acacia', 1, 'Al-acacia', 2, 1, '2748', 1, 1, 100.00, 6, NULL, NULL),
(571,571,'Alergeno acaro Farinae', 1, 'Al-acaro Farinae', 2, 1, '3089', 1, 1, 100.00, 6, NULL, NULL),
(572,572,'Alergeno acaro Pteronyssinus', 1, 'Al-acaro Pteronyssinus', 2, 1, '3090', 1, 1, 100.00, 6, NULL, NULL),
(573,573,'Alergeno acarussiro', 1, 'Al-acarussiro', 2, 1, '2303', 1, 1, 100.00, 6, NULL, NULL),
(574,574,'Alergeno agrostis alba', 1, 'Al-agrostis alba', 2, 1, '2742', 1, 1, 100.00, 6, NULL, NULL),
(575,575,'Alergeno aguacate', 1, 'Al-aguacate', 2, 1, '2566', 1, 1, 100.00, 6, NULL, NULL),
(576,576,'Alergeno ajo', 1, 'Al-ajo', 2, 1, '2992', 1, 1, 100.00, 6, NULL, NULL),
(577,577,'Alergeno ajonjoli', 1, 'Al-ajonjoli', 2, 1, '2974', 1, 1, 100.00, 6, NULL, NULL),
(578,578,'Alergeno alamo', 1, 'Al-alamo', 2, 1, '2734', 1, 1, 100.00, 6, NULL, NULL),
(579,579,'Alergeno albahaca', 1, 'Al-albahaca', 2, 1, '2531', 1, 1, 100.00, 6, NULL, NULL),
(580,580,'Alergeno alfa lactoalbumina', 1, 'Al-alfa lactoalbumina', 2, 1, '2590', 1, 1, 100.00, 6, NULL, NULL),
(581,581,'Alergeno algodon', 1, 'Al-algodon', 2, 1, '2442', 1, 1, 100.00, 6, NULL, NULL),
(582,582,'Alergeno almeja', 1, 'Al-almeja', 2, 1, '2669', 1, 1, 100.00, 6, NULL, NULL),
(583,583,'Alergeno almendra', 1, 'Al-almendra', 2, 1, '2483', 1, 1, 100.00, 6, NULL, NULL),
(584,584,'Alergeno alpiste', 1, 'Al-alpiste', 2, 1, '3193', 1, 1, 100.00, 6, NULL, NULL),
(585,585,'Alergeno alternaria', 1, 'Al-alternaria', 2, 1, '2584', 1, 1, 100.00, 6, NULL, NULL),
(586,586,'Alergeno alternaria tenius', 1, 'Al-alternaria tenius', 2, 1, '2867', 1, 1, 100.00, 6, NULL, NULL),
(587,587,'Alergeno alubia (frijol blanco)', 1, 'Al-alubia (frijol blanco)', 2, 1, '3176', 1, 1, 100.00, 6, NULL, NULL),
(588,588,'Alergeno amaranthus hybridus', 1, 'Al-amaranthus hybridus', 2, 1, '2578', 1, 1, 100.00, 6, NULL, NULL),
(589,589,'Alergeno amaranto', 1, 'Al-amaranto', 2, 1, '2803', 1, 1, 100.00, 6, NULL, NULL),
(590,590,'Alergeno ambrosia', 1, 'Al-ambrosia', 2, 1, '2307', 1, 1, 100.00, 6, NULL, NULL),
(591,591,'Alergeno amoxicilina', 1, 'Al-amoxicilina', 2, 1, '2556', 1, 1, 100.00, 6, NULL, NULL),
(592,592,'Alergeno ampicilina', 1, 'Al-ampicilina', 2, 1, '2557', 1, 1, 100.00, 6, NULL, NULL),
(593,593,'Alergeno anis', 1, 'Al-anis', 2, 1, '2863', 1, 1, 100.00, 6, NULL, NULL),
(594,594,'Alergeno anisakis', 1, 'Al-anisakis', 2, 1, '2952', 1, 1, 100.00, 6, NULL, NULL),
(595,595,'Alergeno apio', 1, 'Al-apio', 2, 1, '2730', 1, 1, 100.00, 6, NULL, NULL),
(596,596,'Alergeno arandano', 1, 'Al-arandano', 2, 1, '2848', 1, 1, 100.00, 6, NULL, NULL),
(597,597,'Alergeno arbol de algodon', 1, 'Al-arbol de algodon', 2, 1, '4240', 1, 1, 100.00, 6, NULL, NULL),
(598,598,'Alergeno arroz', 1, 'Al-arroz', 2, 1, '2571', 1, 1, 100.00, 6, NULL, NULL),
(599,599,'Alergeno artemisa', 1, 'Al-artemisa', 2, 1, '2583', 1, 1, 100.00, 6, NULL, NULL),
(600,600,'Alergeno ascaris', 1, 'Al-ascaris', 2, 1, '2951', 1, 1, 100.00, 6, NULL, NULL),
(601,601,'Alergeno aspergillus', 1, 'Al-aspergillus', 2, 1, '2364', 1, 1, 100.00, 6, NULL, NULL),
(602,602,'Alergeno aspergillus clavatus', 1, 'Al-aspergillus clavatus', 2, 1, '2868', 1, 1, 100.00, 6, NULL, NULL),
(603,603,'Alergeno aspergillus flavus', 1, 'Al-aspergillus flavus', 2, 1, '2869', 1, 1, 100.00, 6, NULL, NULL),
(604,604,'Alergeno aspergillus fumigatus', 1, 'Al-aspergillus fumigatus', 2, 1, '2825', 1, 1, 100.00, 6, NULL, NULL),
(605,605,'Alergeno aspergillus nidulans', 1, 'Al-aspergillus nidulans', 2, 1, '2870', 1, 1, 100.00, 6, NULL, NULL),
(606,606,'Alergeno aspergillus oryzae', 1, 'Al-aspergillus oryzae', 2, 1, '2871', 1, 1, 100.00, 6, NULL, NULL),
(607,607,'Alergeno aspergillus terrenus', 1, 'Al-aspergillus terrenus', 2, 1, '2872', 1, 1, 100.00, 6, NULL, NULL),
(608,608,'Alergeno atriflex Confertifolia', 1, 'Al-atriflex Confertifolia', 2, 1, '3082', 1, 1, 100.00, 6, NULL, NULL),
(609,609,'Alergeno atriplex canescens', 1, 'Al-atriplex canescens', 2, 1, '2579', 1, 1, 100.00, 6, NULL, NULL),
(610,610,'Alergeno atun', 1, 'Al-atun', 2, 1, '2386', 1, 1, 100.00, 6, NULL, NULL),
(611,611,'Alergeno avellana', 1, 'Al-avellana', 2, 1, '2570', 1, 1, 100.00, 6, NULL, NULL),
(612,612,'Alergeno avena', 1, 'Al-avena', 2, 1, '2633', 1, 1, 100.00, 6, NULL, NULL),
(613,613,'Alergeno avispa amarilla', 1, 'Al-avispa amarilla', 2, 1, '2559', 1, 1, 100.00, 6, NULL, NULL),
(614,614,'Alergeno avispa cara blanca', 1, 'Al-avispa cara blanca', 2, 1, '2560', 1, 1, 100.00, 6, NULL, NULL),
(615,615,'Alergeno avispa europea', 1, 'Al-avispa europea', 2, 1, '2561', 1, 1, 100.00, 6, NULL, NULL),
(616,616,'Alergeno avispa papelera', 1, 'Al-avispa papelera', 2, 1, '2562', 1, 1, 100.00, 6, NULL, NULL),
(617,617,'Alergeno avispon', 1, 'Al-avispon', 2, 1, '2646', 1, 1, 100.00, 6, NULL, NULL),
(618,618,'Alergeno bacalao', 1, 'Al-bacalao', 2, 1, '2864', 1, 1, 100.00, 6, NULL, NULL),
(619,619,'Alergeno berenjena', 1, 'Al-berenjena', 2, 1, '3026', 1, 1, 100.00, 6, NULL, NULL),
(620,620,'Alergeno beta lactoglobulina', 1, 'Al-beta lactoglobulina', 2, 1, '2591', 1, 1, 100.00, 6, NULL, NULL),
(621,621,'Alergeno brocoli', 1, 'Al-brocoli', 2, 1, '2568', 1, 1, 100.00, 6, NULL, NULL),
(622,622,'Alergeno broma tropicalis', 1, 'Al-broma tropicalis', 2, 1, '3085', 1, 1, 100.00, 6, NULL, NULL),
(623,623,'Alergeno bromo', 1, 'Al-bromo', 2, 1, '2676', 1, 1, 100.00, 6, NULL, NULL),
(624,624,'Alergeno cacahuate', 1, 'Al-cacahuate', 2, 1, '2413', 1, 1, 100.00, 6, NULL, NULL),
(625,625,'Alergeno cacao', 1, 'Al-cacao', 2, 1, '2731', 1, 1, 100.00, 6, NULL, NULL),
(626,626,'Alergeno cafe', 1, 'Al-cafe', 2, 1, '2448', 1, 1, 100.00, 6, NULL, NULL),
(627,627,'Alergeno calabaza', 1, 'Al-calabaza', 2, 1, '2668', 1, 1, 100.00, 6, NULL, NULL),
(628,628,'Alergeno camaron', 1, 'Al-camaron', 2, 1, '2313', 1, 1, 100.00, 6, NULL, NULL),
(629,629,'Alergeno candida albicans', 1, 'Al-candida albicans', 2, 1, '2662', 1, 1, 100.00, 6, NULL, NULL),
(630,630,'Alergeno cangrejo', 1, 'Al-cangrejo', 2, 1, '2670', 1, 1, 100.00, 6, NULL, NULL),
(631,631,'Alergeno caña de azucar', 1, 'Al-caña de azucar', 2, 1, '2480', 1, 1, 100.00, 6, NULL, NULL),
(632,632,'Alergeno cardo ruso', 1, 'Al-cardo ruso', 2, 1, '2824', 1, 1, 100.00, 6, NULL, NULL),
(633,633,'Alergeno carne de carnero (cordero)', 1, 'Al-carne de carnero (cordero)', 2, 1, '3029', 1, 1, 100.00, 6, NULL, NULL),
(634,634,'Alergeno carne de cerdo', 1, 'Al-carne de cerdo', 2, 1, '2309', 1, 1, 100.00, 6, NULL, NULL),
(635,635,'Alergeno carne de pavo', 1, 'Al-carne de pavo', 2, 1, '2487', 1, 1, 100.00, 6, NULL, NULL),
(636,636,'Alergeno carne de pollo', 1, 'Al-carne de pollo', 2, 1, '2318', 1, 1, 100.00, 6, NULL, NULL),
(637,637,'Alergeno carne de res', 1, 'Al-carne de res', 2, 1, '2319', 1, 1, 100.00, 6, NULL, NULL),
(638,638,'Alergeno caseina', 1, 'Al-caseina', 2, 1, '2725', 1, 1, 100.00, 6, NULL, NULL),
(639,639,'Alergeno caspa de caballo', 1, 'Al-caspa de caballo', 2, 1, '2747', 1, 1, 100.00, 6, NULL, NULL),
(640,640,'Alergeno caspa de perro', 1, 'Al-caspa de perro', 2, 1, '2517', 1, 1, 100.00, 6, NULL, NULL),
(641,641,'Alergeno caspa de vaca', 1, 'Al-caspa de vaca', 2, 1, '2960', 1, 1, 100.00, 6, NULL, NULL),
(642,642,'Alergeno cebada', 1, 'Al-cebada', 2, 1, '2789', 1, 1, 100.00, 6, NULL, NULL),
(643,643,'Alergeno cebolla', 1, 'Al-cebolla', 2, 1, '2385', 1, 1, 100.00, 6, NULL, NULL),
(644,644,'Alergeno cecina', 1, 'Al-cecina', 2, 1, '3163', 1, 1, 100.00, 6, NULL, NULL),
(645,645,'Alergeno cedro', 1, 'Al-cedro', 2, 1, '2519', 1, 1, 100.00, 6, NULL, NULL),
(646,646,'Alergeno cedro de la montaña', 1, 'Al-cedro de la montaña', 2, 1, '2702', 1, 1, 100.00, 6, NULL, NULL),
(647,647,'Alergeno celulosa', 1, 'Al-celulosa', 2, 1, '2692', 1, 1, 100.00, 6, NULL, NULL),
(648,648,'Alergeno cenigo', 1, 'Al-cenigo', 2, 1, '4225', 1, 1, 100.00, 6, NULL, NULL),
(649,649,'Alergeno centeno', 1, 'Al-centeno', 2, 1, '4134', 1, 1, 100.00, 6, NULL, NULL),
(650,650,'Alergeno cephalosporium acremonium', 1, 'Al-cephalosporium acremonium', 2, 1, '4298', 1, 1, 100.00, 6, NULL, NULL),
(651,651,'Alergeno cereza', 1, 'Al-cereza', 2, 1, '3190', 1, 1, 100.00, 6, NULL, NULL),
(652,652,'Alergeno chaetomum globosum', 1, 'Al-chaetomum globosum', 2, 1, '2873', 1, 1, 100.00, 6, NULL, NULL),
(653,653,'Alergeno champiñón', 1, 'Al-champiñón', 2, 1, '2314', 1, 1, 100.00, 6, NULL, NULL),
(654,654,'Alergeno chayote', 1, 'Al-chayote', 2, 1, '2746', 1, 1, 100.00, 6, NULL, NULL),
(655,655,'Alergeno chicharo', 1, 'Al-chicharo', 2, 1, '2503', 1, 1, 100.00, 6, NULL, NULL),
(656,656,'Alergeno chinche', 1, 'Al-chinche', 2, 1, '2680', 1, 1, 100.00, 6, NULL, NULL),
(657,657,'Alergeno chocolate', 1, 'Al-chocolate', 2, 1, '2347', 1, 1, 100.00, 6, NULL, NULL),
(658,658,'Alergeno ciruela', 1, 'Al-ciruela', 2, 1, '2808', 1, 1, 100.00, 6, NULL, NULL),
(659,659,'Alergeno cladosporium herbarum', 1, 'Al-cladosporium herbarum', 2, 1, '2661', 1, 1, 100.00, 6, NULL, NULL),
(660,660,'Alergeno clara de huevo', 1, 'Al-clara de huevo', 2, 1, '2697', 1, 1, 100.00, 6, NULL, NULL),
(661,661,'Alergeno coco', 1, 'Al-coco', 2, 1, '3027', 1, 1, 100.00, 6, NULL, NULL),
(662,662,'Alergeno col', 1, 'Al-col', 2, 1, '4238', 1, 1, 100.00, 6, NULL, NULL),
(663,663,'Alergeno coliflor', 1, 'Al-coliflor', 2, 1, '2694', 1, 1, 100.00, 6, NULL, NULL),
(664,664,'Alergeno cucaracha alemana', 1, 'Al-cucaracha alemana', 2, 1, '2640', 1, 1, 100.00, 6, NULL, NULL),
(665,665,'Alergeno cucaracha americana', 1, 'Al-cucaracha americana', 2, 1, '2529', 1, 1, 100.00, 6, NULL, NULL),
(666,666,'Alergeno curularia lunata', 1, 'Al-curularia lunata', 2, 1, '2874', 1, 1, 100.00, 6, NULL, NULL),
(667,667,'Alergeno de orina de raton', 1, 'Al-de orina de raton', 2, 1, '4145', 1, 1, 100.00, 6, NULL, NULL),
(668,668,'Alergeno de te', 1, 'Al-de te', 2, 1, '4115', 1, 1, 100.00, 6, NULL, NULL),
(669,669,'Alergeno dermatophagoides farinae', 1, 'Al-dermatophagoides farinae', 2, 1, '2400', 1, 1, 100.00, 6, NULL, NULL),
(670,670,'Alergeno dermatophagoides microceras', 1, 'Al-dermatophagoides microceras', 2, 1, '2655', 1, 1, 100.00, 6, NULL, NULL),
(671,671,'Alergeno dermatophagoides pteronyssinus', 1, 'Al-dermatophagoides pteronyssinus', 2, 1, '2399', 1, 1, 100.00, 6, NULL, NULL),
(672,672,'Alergeno diente de leon', 1, 'Al-diente de leon', 2, 1, '2722', 1, 1, 100.00, 6, NULL, NULL),
(673,673,'Alergeno durazno', 1, 'Al-durazno', 2, 1, '2588', 1, 1, 100.00, 6, NULL, NULL),
(674,674,'Alergeno ejote', 1, 'Al-ejote', 2, 1, '2504', 1, 1, 100.00, 6, NULL, NULL),
(675,675,'Alergeno encino', 1, 'Al-encino', 2, 1, '2735', 1, 1, 100.00, 6, NULL, NULL),
(676,676,'Alergeno enterotoxina A', 1, 'Al-enterotoxina A', 2, 1, '4239', 1, 1, 100.00, 6, NULL, NULL),
(677,677,'Alergeno epazote', 1, 'Al-epazote', 2, 1, '2736', 1, 1, 100.00, 6, NULL, NULL),
(678,678,'Alergeno epicoccum', 1, 'Al-epicoccum', 2, 1, '3086', 1, 1, 100.00, 6, NULL, NULL),
(679,679,'Alergeno epitelio cabra', 1, 'Al-epitelio cabra', 2, 1, '4176', 1, 1, 100.00, 6, NULL, NULL),
(680,680,'Alergeno epitelio de Cerdo', 1, 'Al-epitelio de Cerdo', 2, 1, '3141', 1, 1, 100.00, 6, NULL, NULL),
(681,681,'Alergeno epitelio de cobayo', 1, 'Al-epitelio de cobayo', 2, 1, '4250', 1, 1, 100.00, 6, NULL, NULL),
(682,682,'Alergeno epitelio de conejo', 1, 'Al-epitelio de conejo', 2, 1, '3142', 1, 1, 100.00, 6, NULL, NULL),
(683,683,'Alergeno epitelio de gato', 1, 'Al-epitelio de gato', 2, 1, '2403', 1, 1, 100.00, 6, NULL, NULL),
(684,684,'Alergeno epitelio de oveja', 1, 'Al-epitelio de oveja', 2, 1, '3143', 1, 1, 100.00, 6, NULL, NULL),
(685,685,'Alergeno epitelio de rata', 1, 'Al-epitelio de rata', 2, 1, '2862', 1, 1, 100.00, 6, NULL, NULL),
(686,686,'Alergeno epitelio de raton', 1, 'Al-epitelio de raton', 2, 1, '3053', 1, 1, 100.00, 6, NULL, NULL),
(687,687,'Alergeno epitelio de hamster', 1, 'Al-epitelio de hamster', 2, 1, '4185', 1, 1, 100.00, 6, NULL, NULL),
(688,688,'Alergeno epitelio de perro', 1, 'Al-epitelio de perro', 2, 1, '2305', 1, 1, 100.00, 6, NULL, NULL),
(689,689,'Alergeno espicoccum purpurasens', 1, 'Al-espicoccum purpurasens', 2, 1, '4154', 1, 1, 100.00, 6, NULL, NULL),
(690,690,'Alergeno espinaca', 1, 'Al-espinaca', 2, 1, '2727', 1, 1, 100.00, 6, NULL, NULL),
(691,691,'Alergeno esporas', 1, 'Al-esporas', 2, 1, '3208', 1, 1, 100.00, 6, NULL, NULL),
(692,692,'Alergeno eucalipto', 1, 'Al-eucalipto', 2, 1, '2733', 1, 1, 100.00, 6, NULL, NULL),
(693,693,'Alergeno excremento de paloma', 1, 'Al-excremento de paloma', 2, 1, '2716', 1, 1, 100.00, 6, NULL, NULL),
(694,694,'Alergeno franseria acathicarpa', 1, 'Al-franseria acathicarpa', 2, 1, '3083', 1, 1, 100.00, 6, NULL, NULL),
(695,695,'Alergeno fresa', 1, 'Al-fresa', 2, 1, '2371', 1, 1, 100.00, 6, NULL, NULL),
(696,696,'Alergeno fresno (Fraxinus sp.)', 1, 'Al-fresno (Fraxinus sp.)', 2, 1, '2749', 1, 1, 100.00, 6, NULL, NULL),
(697,697,'Alergeno fresno blanco', 1, 'Al-fresno blanco', 2, 1, '3019', 1, 1, 100.00, 6, NULL, NULL),
(698,698,'Alergeno frijol de soya', 1, 'Al-frijol de soya', 2, 1, '4140', 1, 1, 100.00, 6, NULL, NULL),
(699,699,'Alergeno frijol pinto', 1, 'Al-frijol pinto', 2, 1, '2411', 1, 1, 100.00, 6, NULL, NULL),
(700,700,'Alergeno frijol rojo', 1, 'Al-frijol rojo', 2, 1, '2732', 1, 1, 100.00, 6, NULL, NULL),
(701,701,'Alergeno fusarium monoforme', 1, 'Al-fusarium monoforme', 2, 1, '2875', 1, 1, 100.00, 6, NULL, NULL),
(702,702,'Alergeno garbanzo', 1, 'Al-garbanzo', 2, 1, '2652', 1, 1, 100.00, 6, NULL, NULL),
(703,703,'Alergeno gato', 1, 'Al-gato', 2, 1, '3087', 1, 1, 100.00, 6, NULL, NULL),
(704,704,'Alergeno girasol', 1, 'Al-girasol', 2, 1, '2581', 1, 1, 100.00, 6, NULL, NULL),
(705,705,'Alergeno gluten', 1, 'Al-gluten', 2, 1, '2423', 1, 1, 100.00, 6, NULL, NULL),
(706,706,'Alergeno glycyphagus domesticus', 1, 'Al-glycyphagus domesticus', 2, 1, '2972', 1, 1, 100.00, 6, NULL, NULL),
(707,707,'Alergeno helminthosporium sp.', 1, 'Al-helminthosporium sp.', 2, 1, '2580', 1, 1, 100.00, 6, NULL, NULL),
(708,708,'Alergeno hierba cola de cordero', 1, 'Al-hierba cola de cordero', 2, 1, '4237', 1, 1, 100.00, 6, NULL, NULL),
(709,709,'Alergeno hierba comun', 1, 'Al-hierba comun', 2, 1, '3001', 1, 1, 100.00, 6, NULL, NULL),
(710,710,'Alergeno hierba falsa', 1, 'Al-hierba falsa', 2, 1, '2750', 1, 1, 100.00, 6, NULL, NULL),
(711,711,'Alergeno hierba timotea', 1, 'Al-hierba timotea', 2, 1, '3081', 1, 1, 100.00, 6, NULL, NULL),
(712,712,'Alergeno hierba trepadora', 1, 'Al-hierba trepadora', 2, 1, '3020', 1, 1, 100.00, 6, NULL, NULL),
(713,713,'Alergeno higo', 1, 'Al-higo', 2, 1, '2909', 1, 1, 100.00, 6, NULL, NULL),
(714,714,'Alergeno hormiga roja', 1, 'Al-hormiga roja', 2, 1, '2647', 1, 1, 100.00, 6, NULL, NULL),
(715,715,'Alergeno huachinango', 1, 'Al-huachinango', 2, 1, '3025', 1, 1, 100.00, 6, NULL, NULL),
(716,716,'Alergeno huevo', 1, 'Al-huevo', 2, 1, '2311', 1, 1, 100.00, 6, NULL, NULL),
(717,717,'Alergeno isocinato  HDI', 1, 'Al-isocinato  HDI', 2, 1, '4278', 1, 1, 100.00, 6, NULL, NULL),
(718,718,'Alergeno jamon', 1, 'Al-jamon', 2, 1, '2394', 1, 1, 100.00, 6, NULL, NULL),
(719,719,'Alergeno jengibre', 1, 'Al-jengibre', 2, 1, '2653', 1, 1, 100.00, 6, NULL, NULL),
(720,720,'Alergeno jitomate', 1, 'Al-jitomate', 2, 1, '2391', 1, 1, 100.00, 6, NULL, NULL),
(721,721,'Alergeno kiwi', 1, 'Al-kiwi', 2, 1, '2678', 1, 1, 100.00, 6, NULL, NULL),
(722,722,'Alergeno lana', 1, 'Al-lana', 2, 1, '2453', 1, 1, 100.00, 6, NULL, NULL),
(723,723,'Alergeno langosta', 1, 'Al-langosta', 2, 1, '3179', 1, 1, 100.00, 6, NULL, NULL),
(724,724,'Alergeno latex', 1, 'Al-latex', 2, 1, '2630', 1, 1, 100.00, 6, NULL, NULL),
(725,725,'Alergeno leche de cabra', 1, 'Al-leche de cabra', 2, 1, '2982', 1, 1, 100.00, 6, NULL, NULL),
(726,726,'Alergeno leche de soya', 1, 'Al-leche de soya', 2, 1, '2799', 1, 1, 100.00, 6, NULL, NULL),
(727,727,'Alergeno leche de vaca', 1, 'Al-leche de vaca', 2, 1, '2310', 1, 1, 100.00, 6, NULL, NULL),
(728,728,'Alergeno leche hervida', 1, 'Al-leche hervida', 2, 1, '2983', 1, 1, 100.00, 6, NULL, NULL),
(729,729,'Alergeno lechuga', 1, 'Al-lechuga', 2, 1, '2695', 1, 1, 100.00, 6, NULL, NULL),
(730,730,'Alergeno lengua de vaca', 1, 'Al-lengua de vaca', 2, 1, '3084', 1, 1, 100.00, 6, NULL, NULL),
(731,731,'Alergeno lenteja', 1, 'Al-lenteja', 2, 1, '2651', 1, 1, 100.00, 6, NULL, NULL),
(732,732,'Alergeno levadura', 1, 'Al-levadura', 2, 1, '2481', 1, 1, 100.00, 6, NULL, NULL),
(733,733,'Alergeno levadura de cerveza', 1, 'Al-levadura de cerveza', 2, 1, '3030', 1, 1, 100.00, 6, NULL, NULL),
(734,734,'Alergeno limon', 1, 'Al-limon', 2, 1, '2346', 1, 1, 100.00, 6, NULL, NULL),
(735,735,'Alergeno macarela', 1, 'Al-macarela', 2, 1, '2975', 1, 1, 100.00, 6, NULL, NULL),
(736,736,'Alergeno maiz cultivado', 1, 'Al-maiz cultivado', 2, 1, '2393', 1, 1, 100.00, 6, NULL, NULL),
(737,737,'Alergeno malta', 1, 'Al-malta', 2, 1, '4148', 1, 1, 100.00, 6, NULL, NULL),
(738,738,'Alergeno mamey', 1, 'Al-mamey', 2, 1, '3028', 1, 1, 100.00, 6, NULL, NULL),
(739,739,'Alergeno mango', 1, 'Al-mango', 2, 1, '2572', 1, 1, 100.00, 6, NULL, NULL),
(740,740,'Alergeno manzana', 1, 'Al-manzana', 2, 1, '2402', 1, 1, 100.00, 6, NULL, NULL),
(741,741,'Alergeno manzanilla (Chamaemelum nobile)', 1, 'Al-manzanilla (Chamaemelum nobile)', 2, 1, '2786', 1, 1, 100.00, 6, NULL, NULL),
(742,742,'Alergeno melon', 1, 'Al-melon', 2, 1, '2345', 1, 1, 100.00, 6, NULL, NULL),
(743,743,'Alergeno mezcla col, coliflor y brocoli', 1, 'Al-mezcla col, coliflor y brocoli', 2, 1, '2398', 1, 1, 100.00, 6, NULL, NULL),
(744,744,'Alergeno mezcla de citricos (limon, lima, naranja)', 1, 'Al-mezcla de citricos (limon, lima, naranja)', 2, 1, '2401', 1, 1, 100.00, 6, NULL, NULL),
(745,745,'Alergeno mezcla de embutidos', 1, 'Al-mezcla de embutidos', 2, 1, '2745', 1, 1, 100.00, 6, NULL, NULL),
(746,746,'Alergeno mezcla de hierbas', 1, 'Al-mezcla de hierbas', 2, 1, '2723', 1, 1, 100.00, 6, NULL, NULL),
(747,747,'Alergeno mezcla de mariscos (ostion, almeja, cangrejo, atun)', 1, 'Al-mezcla de mariscos (ostion, almeja, cangrejo, atun)', 2, 1, '2666', 1, 1, 100.00, 6, NULL, NULL),
(748,748,'Alergeno mezcla de robles', 1, 'Al-mezcla de robles', 2, 1, '2721', 1, 1, 100.00, 6, NULL, NULL),
(749,749,'Alergeno mezquite', 1, 'Al-mezquite', 2, 1, '2793', 1, 1, 100.00, 6, NULL, NULL),
(750,750,'Alergeno miel de abeja', 1, 'Al-miel de abeja', 2, 1, '2785', 1, 1, 100.00, 6, NULL, NULL),
(751,751,'Alergeno mora azul', 1, 'Al-mora azul', 2, 1, '2645', 1, 1, 100.00, 6, NULL, NULL),
(752,752,'Alergeno mosquito', 1, 'Al-mosquito', 2, 1, '2563', 1, 1, 100.00, 6, NULL, NULL),
(753,753,'Alergeno mostaza', 1, 'Al-mostaza', 2, 1, '4269', 1, 1, 100.00, 6, NULL, NULL),
(754,754,'Alergeno mucor Racemus', 1, 'Al-mucor Racemus', 2, 1, '2639', 1, 1, 100.00, 6, NULL, NULL),
(755,755,'Alergeno naranja', 1, 'Al-naranja', 2, 1, '2342', 1, 1, 100.00, 6, NULL, NULL),
(756,756,'Alergeno nogal', 1, 'Al-nogal', 2, 1, '2576', 1, 1, 100.00, 6, NULL, NULL),
(757,757,'Alergeno nuez', 1, 'Al-nuez', 2, 1, '2343', 1, 1, 100.00, 6, NULL, NULL),
(758,758,'Alergeno nuez de Brasil', 1, 'Al-nuez de Brasil', 2, 1, '2984', 1, 1, 100.00, 6, NULL, NULL),
(759,759,'Alergeno nuez de castilla', 1, 'Al-nuez de castilla', 2, 1, '3046', 1, 1, 100.00, 6, NULL, NULL),
(760,760,'Alergeno nuez pecana', 1, 'Al-nuez pecana', 2, 1, '3047', 1, 1, 100.00, 6, NULL, NULL),
(761,761,'Alergeno olivo', 1, 'Al-olivo', 2, 1, '4165', 1, 1, 100.00, 6, NULL, NULL),
(762,762,'Alergeno onopordum acanthium (cardo ruso)', 1, 'Al-onopordum acanthium (cardo ruso)', 2, 1, '2744', 1, 1, 100.00, 6, NULL, NULL),
(763,763,'Alergeno oregano', 1, 'Al-oregano', 2, 1, '2308', 1, 1, 100.00, 6, NULL, NULL),
(764,764,'Alergeno orina de rata', 1, 'Al-orina de rata', 2, 1, '2717', 1, 1, 100.00, 6, NULL, NULL),
(765,765,'Alergeno ostion', 1, 'Al-ostion', 2, 1, '2632', 1, 1, 100.00, 6, NULL, NULL),
(766,766,'Alergeno ovoalbumina', 1, 'Al-ovoalbumina', 2, 1, '2810', 1, 1, 100.00, 6, NULL, NULL),
(767,767,'Alergeno palma datilera', 1, 'Al-palma datilera', 2, 1, '4277', 1, 1, 100.00, 6, NULL, NULL),
(768,768,'Alergeno palma reina', 1, 'Al-palma reina', 2, 1, '2382', 1, 1, 100.00, 6, NULL, NULL),
(769,769,'Alergeno papa', 1, 'Al-papa', 2, 1, '2392', 1, 1, 100.00, 6, NULL, NULL),
(770,770,'Alergeno papaya', 1, 'Al-papaya', 2, 1, '2631', 1, 1, 100.00, 6, NULL, NULL),
(771,771,'Alergeno pasto avena', 1, 'Al-pasto avena', 2, 1, '2720', 1, 1, 100.00, 6, NULL, NULL),
(772,772,'Alergeno pasto azul', 1, 'Al-pasto azul', 2, 1, '4103', 1, 1, 100.00, 6, NULL, NULL),
(773,773,'Alergeno pasto bahia', 1, 'Al-pasto bahia', 2, 1, '2792', 1, 1, 100.00, 6, NULL, NULL),
(774,774,'Alergeno pasto ballico', 1, 'Al-pasto ballico', 2, 1, '3080', 1, 1, 100.00, 6, NULL, NULL),
(775,775,'Alergeno pasto Bermuda', 1, 'Al-pasto Bermuda', 2, 1, '2585', 1, 1, 100.00, 6, NULL, NULL),
(776,776,'Alergeno pasto bromo', 1, 'Al-pasto bromo', 2, 1, '4175', 1, 1, 100.00, 6, NULL, NULL),
(777,777,'Alergeno pasto canario', 1, 'Al-pasto canario', 2, 1, '2885', 1, 1, 100.00, 6, NULL, NULL),
(778,778,'Alergeno pasto centeno', 1, 'Al-pasto centeno', 2, 1, '2886', 1, 1, 100.00, 6, NULL, NULL),
(779,779,'Alergeno pasto comun', 1, 'Al-pasto comun', 2, 1, '2518', 1, 1, 100.00, 6, NULL, NULL),
(780,780,'Alergeno pasto de carrizal', 1, 'Al-pasto de carrizal', 2, 1, '4247', 1, 1, 100.00, 6, NULL, NULL),
(781,781,'Alergeno pasto de centeno silvestre', 1, 'Al-pasto de centeno silvestre', 2, 1, '4249', 1, 1, 100.00, 6, NULL, NULL),
(782,782,'Alergeno pasto de huerto', 1, 'Al-pasto de huerto', 2, 1, '2890', 1, 1, 100.00, 6, NULL, NULL),
(783,783,'Alergeno pasto de pradera', 1, 'Al-pasto de pradera', 2, 1, '4248', 1, 1, 100.00, 6, NULL, NULL),
(784,784,'Alergeno pasto invernal', 1, 'Al-pasto invernal', 2, 1, '2891', 1, 1, 100.00, 6, NULL, NULL),
(785,785,'Alergeno pasto Johnson', 1, 'Al-pasto Johnson', 2, 1, '2586', 1, 1, 100.00, 6, NULL, NULL),
(786,786,'Alergeno pasto perenne', 1, 'Al-pasto perenne', 2, 1, '2826', 1, 1, 100.00, 6, NULL, NULL),
(787,787,'Alergeno pasto silvestre', 1, 'Al-pasto silvestre', 2, 1, '2887', 1, 1, 100.00, 6, NULL, NULL),
(788,788,'Alergeno pasto terciopelo', 1, 'Al-pasto terciopelo', 2, 1, '2892', 1, 1, 100.00, 6, NULL, NULL),
(789,789,'Alergeno pasto timothy', 1, 'Al-pasto timothy', 2, 1, '2587', 1, 1, 100.00, 6, NULL, NULL),
(790,790,'Alergeno pasto trigo', 1, 'Al-pasto trigo', 2, 1, '2773', 1, 1, 100.00, 6, NULL, NULL),
(791,791,'Alergeno pata de gallo', 1, 'Al-pata de gallo', 2, 1, '2741', 1, 1, 100.00, 6, NULL, NULL),
(792,792,'Alergeno penicilina G', 1, 'Al-penicilina G', 2, 1, '148', 1, 1, 100.00, 6, NULL, NULL),
(793,793,'Alergeno penicilina V', 1, 'Al-penicilina V', 2, 1, '2454', 1, 1, 100.00, 6, NULL, NULL),
(794,794,'Alergeno penicilium brevicompactum', 1, 'Al-penicilium brevicompactum', 2, 1, '2530', 1, 1, 100.00, 6, NULL, NULL),
(795,795,'Alergeno penicillium notatum', 1, 'Al-penicillium notatum', 2, 1, '2876', 1, 1, 100.00, 6, NULL, NULL),
(796,796,'Alergeno pepino', 1, 'Al-pepino', 2, 1, '2787', 1, 1, 100.00, 6, NULL, NULL),
(797,797,'Alergeno pera', 1, 'Al-pera', 2, 1, '2664', 1, 1, 100.00, 6, NULL, NULL),
(798,798,'Alergeno perejil', 1, 'Al-perejil', 2, 1, '2794', 1, 1, 100.00, 6, NULL, NULL),
(799,799,'Alergeno perro', 1, 'Al-perro', 2, 1, '3088', 1, 1, 100.00, 6, NULL, NULL),
(800,800,'Alergeno pescado', 1, 'Al-pescado', 2, 1, '2370', 1, 1, 100.00, 6, NULL, NULL),
(801,801,'Alergeno phoma betae', 1, 'Al-phoma betae', 2, 1, '2877', 1, 1, 100.00, 6, NULL, NULL),
(802,802,'Alergeno pimienta negra', 1, 'Al-pimienta negra', 2, 1, '2667', 1, 1, 100.00, 6, NULL, NULL),
(803,803,'Alergeno pimiento rojo', 1, 'Al-pimiento rojo', 2, 1, '4268', 1, 1, 100.00, 6, NULL, NULL),
(804,804,'Alergeno pimiento verde', 1, 'Al-pimiento verde', 2, 1, '3161', 1, 1, 100.00, 6, NULL, NULL),
(805,805,'Alergeno pino australiano', 1, 'Al-pino australiano', 2, 1, '2953', 1, 1, 100.00, 6, NULL, NULL),
(806,806,'Alergeno pino blanco', 1, 'Al-pino blanco', 2, 1, '2703', 1, 1, 100.00, 6, NULL, NULL),
(807,807,'Alergeno piña', 1, 'Al-piña', 2, 1, '2567', 1, 1, 100.00, 6, NULL, NULL),
(808,808,'Alergeno pirul', 1, 'Al-pirul', 2, 1, '2738', 1, 1, 100.00, 6, NULL, NULL),
(809,809,'Alergeno pistache', 1, 'Al-pistache', 2, 1, '4186', 1, 1, 100.00, 6, NULL, NULL),
(810,810,'Alergeno pityrosporium orbiculare', 1, 'Al-pityrosporium orbiculare', 2, 1, '2878', 1, 1, 100.00, 6, NULL, NULL),
(811,811,'Alergeno plantago spp.', 1, 'Al-plantago spp.', 2, 1, '2739', 1, 1, 100.00, 6, NULL, NULL),
(812,812,'Alergeno platano', 1, 'Al-platano', 2, 1, '2449', 1, 1, 100.00, 6, NULL, NULL),
(813,813,'Alergeno plumas de canario', 1, 'Al-plumas de canario', 2, 1, '2801', 1, 1, 100.00, 6, NULL, NULL),
(814,814,'Alergeno plumas de ganso', 1, 'Al-plumas de ganso', 2, 1, '2656', 1, 1, 100.00, 6, NULL, NULL),
(815,815,'Alergeno plumas de loro', 1, 'Al-plumas de loro', 2, 1, '4153', 1, 1, 100.00, 6, NULL, NULL),
(816,816,'Alergeno plumas de pato', 1, 'Al-plumas de pato', 2, 1, '2718', 1, 1, 100.00, 6, NULL, NULL),
(817,817,'Alergeno plumas de pavo', 1, 'Al-plumas de pavo', 2, 1, '2802', 1, 1, 100.00, 6, NULL, NULL),
(818,818,'Alergeno plumas de periquito', 1, 'Al-plumas de periquito', 2, 1, '2657', 1, 1, 100.00, 6, NULL, NULL),
(819,819,'Alergeno plumas de pollo', 1, 'Al-plumas de pollo', 2, 1, '2658', 1, 1, 100.00, 6, NULL, NULL),
(820,820,'Alergeno polen avena', 1, 'Al-polen avena', 2, 1, '4226', 1, 1, 100.00, 6, NULL, NULL),
(821,821,'Alergeno polen rape', 1, 'Al-polen rape', 2, 1, '2306', 1, 1, 100.00, 6, NULL, NULL),
(822,822,'Alergeno polilla', 1, 'Al-polilla', 2, 1, '2973', 1, 1, 100.00, 6, NULL, NULL),
(823,823,'Alergeno polipropileno', 1, 'Al-polipropileno', 2, 1, '2693', 1, 1, 100.00, 6, NULL, NULL),
(824,824,'Alergeno polvo casero alergopharma', 1, 'Al-polvo casero alergopharma', 2, 1, '2304', 1, 1, 100.00, 6, NULL, NULL),
(825,825,'Alergeno polvo casero Bencard', 1, 'Al-polvo casero Bencard', 2, 1, '2589', 1, 1, 100.00, 6, NULL, NULL),
(826,826,'Alergeno polvo casero Greer', 1, 'Al-polvo casero Greer', 2, 1, '2660', 1, 1, 100.00, 6, NULL, NULL),
(827,827,'Alergeno polvo casero Hollister - Stier', 1, 'Al-polvo casero Hollister - Stier', 2, 1, '2582', 1, 1, 100.00, 6, NULL, NULL),
(828,828,'Alergeno polvo casero japones', 1, 'Al-polvo casero japones', 2, 1, '2795', 1, 1, 100.00, 6, NULL, NULL),
(829,829,'Alergeno pulpo', 1, 'Al-pulpo', 2, 1, '2704', 1, 1, 100.00, 6, NULL, NULL),
(830,830,'Alergeno queso cheddar', 1, 'Al-queso cheddar', 2, 1, '2312', 1, 1, 100.00, 6, NULL, NULL),
(831,831,'Alergeno queso tipo mohoso', 1, 'Al-queso tipo mohoso', 2, 1, '2809', 1, 1, 100.00, 6, NULL, NULL),
(832,832,'Alergeno rata', 1, 'Al-rata', 2, 1, '2681', 1, 1, 100.00, 6, NULL, NULL),
(833,833,'Alergeno raton', 1, 'Al-raton', 2, 1, '2719', 1, 1, 100.00, 6, NULL, NULL),
(834,834,'Alergeno rhizopus nigricans', 1, 'Al-rhizopus nigricans', 2, 1, '3040', 1, 1, 100.00, 6, NULL, NULL),
(835,835,'Alergeno salmon', 1, 'Al-salmon', 2, 1, '2575', 1, 1, 100.00, 6, NULL, NULL),
(836,836,'Alergeno sandia', 1, 'Al-sandia', 2, 1, '2788', 1, 1, 100.00, 6, NULL, NULL),
(837,837,'Alergeno sardina', 1, 'Al-sardina', 2, 1, '2417', 1, 1, 100.00, 6, NULL, NULL),
(838,838,'Alergeno sauce', 1, 'Al-sauce', 2, 1, '2675', 1, 1, 100.00, 6, NULL, NULL),
(839,839,'Alergeno seda', 1, 'Al-seda', 2, 1, '2865', 1, 1, 100.00, 6, NULL, NULL),
(840,840,'Alergeno sorghum spp.', 1, 'Al-sorghum spp.', 2, 1, '2740', 1, 1, 100.00, 6, NULL, NULL),
(841,841,'Alergeno sorgo', 1, 'Al-sorgo', 2, 1, '4227', 1, 1, 100.00, 6, NULL, NULL),
(842,842,'Alergeno soya', 1, 'Al-soya', 2, 1, '2384', 1, 1, 100.00, 6, NULL, NULL),
(843,843,'Alergeno tomate', 1, 'Al-tomate', 2, 1, '2573', 1, 1, 100.00, 6, NULL, NULL),
(844,844,'Alergeno toronja', 1, 'Al-toronja', 2, 1, '2569', 1, 1, 100.00, 6, NULL, NULL),
(845,845,'Alergeno trichiderma viride', 1, 'Al-trichiderma viride', 2, 1, '2879', 1, 1, 100.00, 6, NULL, NULL),
(846,846,'Alergeno trichophyton', 1, 'Al-trichophyton', 2, 1, '2881', 1, 1, 100.00, 6, NULL, NULL),
(847,847,'Alergeno trichosporon pullulans', 1, 'Al-trichosporon pullulans', 2, 1, '2880', 1, 1, 100.00, 6, NULL, NULL),
(848,848,'Alergeno trigo', 1, 'Al-trigo', 2, 1, '2362', 1, 1, 100.00, 6, NULL, NULL),
(849,849,'Alergeno trigo sarraceno', 1, 'Al-trigo sarraceno', 2, 1, '4149', 1, 1, 100.00, 6, NULL, NULL),
(850,850,'Alergeno trucha', 1, 'Al-trucha', 2, 1, '2978', 1, 1, 100.00, 6, NULL, NULL),
(851,851,'Alergeno trueno (Ligustrum sp.)', 1, 'Al-trueno (Ligustrum sp.)', 2, 1, '2577', 1, 1, 100.00, 6, NULL, NULL),
(852,852,'Alergeno ulocladium chartarum', 1, 'Al-ulocladium chartarum', 2, 1, '2882', 1, 1, 100.00, 6, NULL, NULL),
(853,853,'Alergeno uva', 1, 'Al-uva', 2, 1, '2691', 1, 1, 100.00, 6, NULL, NULL),
(854,854,'Alergeno vainilla', 1, 'Al-vainilla', 2, 1, '2696', 1, 1, 100.00, 6, NULL, NULL),
(855,855,'Alergeno vara dorada', 1, 'Al-vara dorada', 2, 1, '2533', 1, 1, 100.00, 6, NULL, NULL),
(856,856,'Alergeno veneno avispa amarilla', 1, 'Al-veneno avispa amarilla', 2, 1, '2698', 1, 1, 100.00, 6, NULL, NULL),
(857,857,'Alergeno veneno avispa cafe', 1, 'Al-veneno avispa cafe', 2, 1, '2649', 1, 1, 100.00, 6, NULL, NULL),
(858,858,'Alergeno veneno avispa papelera', 1, 'Al-veneno avispa papelera', 2, 1, '2648', 1, 1, 100.00, 6, NULL, NULL),
(859,859,'Alergeno veneno de abeja', 1, 'Al-veneno de abeja', 2, 1, '2574', 1, 1, 100.00, 6, NULL, NULL),
(860,860,'Alergeno yema de huevo', 1, 'Al-yema de huevo', 2, 1, '2659', 1, 1, 100.00, 6, NULL, NULL),
(861,861,'Alergeno yogurt', 1, 'Al-yogurt', 2, 1, '2715', 1, 1, 100.00, 6, NULL, NULL),
(862,862,'Alergeno zanahoria', 1, 'Al-zanahoria', 2, 1, '2390', 1, 1, 100.00, 6, NULL, NULL);

INSERT INTO `users` (`id`, `name`, `email`, `email_verified_at`, `password`, `type`, `remember_token`, `created_at`, `updated_at`) VALUES
(1, 'Oliver Martínez Anaya', 'omartinez@blaboratorio.com', NULL, '$2y$10$7x12LzDMzQJkiIRf5SL12.Vu2uk3JMoV8T.lUTd3IJsfcZ75y9Si.', '1', '5gH6H0C2wmznkByK4Vq76dXH9T20BKLBJlKb1UY2N8frC1lTUhIIFiGfqVU8', '2023-09-24 01:36:26', '2023-09-24 01:36:26'),
(2, 'Josue Gutierrez Carrascal', 'jgutierrez@blaboratorio.com', NULL, '$2y$10$NLcCReopMpa7X8KGBoEUdeVo3kXDWqJFpJjLaha966MQ7k26sPwoW', '1', NULL, '2023-09-24 01:41:35', '2023-09-24 01:41:35'),
(3, 'Carlos Alberto Ponce Duran de la Huerta', 'cponce@blaboratorio.com', NULL, '$2y$10$TJOKGqVOaebJgMLQ6NO6QelHNtemSmGFnFkhKVOBY8X4tsUjCCQJ.', '1', NULL, '2023-09-24 01:44:26', '2023-09-24 01:44:26');

INSERT INTO `user_details` (`id`, `user_id`, `initials`, `address`, `phone`, `emergency_phone`, `emergency_contact`, `position`, `profile_image`, `created_at`, `updated_at`) VALUES
(1, 1, 'OMA', 'Av. México 410', '5569177811', '5556533519', 'Dionisio Martínez', 'Operaciones', 'sinimagen.png', NULL, '2023-10-06 16:20:28'),
(2, 2, 'JGC', 'Pedregal de Santo Domingo', '5516544391', NULL, NULL, 'Administración', 'sinimagen.png', NULL, NULL),
(3, 3, 'CPD', 'Amado Nervo 173', '5514598571', NULL, NULL, 'Administración', 'sinimagen.png', NULL, NULL);

INSERT INTO `roles` (`id`, `name`, `guard_name`, `created_at`, `updated_at`) VALUES
(1, 'Administrador', 'web', NULL, NULL),
(2, 'Analista', 'web', NULL, NULL),
(3, 'Auditor', 'web', NULL, NULL),
(4, 'Cliente', 'web', NULL, NULL);

INSERT INTO `permissions` (`name`, `guard_name`) VALUES
('Leer dashboard', 'web'),
('Leer ordenes', 'web'),
('Crear ordenes', 'web'),
('Editar ordenes', 'web'),
('Eliminar ordenes', 'web'),
('Imprimir ordenes', 'web'),
('Modificar cliente', 'web'),
('Ver resultados', 'web'),
('Reportar resultados', 'web'),
('Borrar estudio', 'web'),
('Capturar resultados', 'web'),
('Leer usuarios', 'web'),
('Crear usuarios', 'web'),
('Editar usuarios', 'web'),
('Eliminar usuarios', 'web'),
('Ver expediente', 'web'),
('Leer roles', 'web'),
('Crear roles', 'web'),
('Editar roles', 'web'),
('Eliminar roles', 'web'),
('Leer proveedores', 'web'),
('Crear proveedores', 'web'),
('Editar proveedores', 'web'),
('Eliminar proveedores', 'web'),
('Leer clientes', 'web'),
('Crear clientes', 'web'),
('Editar clientes', 'web'),
('Eliminar clientes', 'web'),
('Editar precios', 'web'),
('Leer medicos', 'web'),
('Crear medicos', 'web'),
('Editar medicos', 'web'),
('Eliminar medicos', 'web'),
('Leer areas', 'web'),
('Crear areas', 'web'),
('Editar areas', 'web'),
('Eliminar areas', 'web'),
('Leer contenedores', 'web'),
('Crear contenedores', 'web'),
('Editar contenedores', 'web'),
('Eliminar contenedores', 'web'),
('Leer tipos de muestra', 'web'),
('Crear tipos de muestra', 'web'),
('Editar tipos de muestra', 'web'),
('Eliminar tipos de muestra', 'web'),
('Leer indicaciones', 'web'),
('Crear indicaciones', 'web'),
('Editar indicaciones', 'web'),
('Eliminar indicaciones', 'web'),
('Leer estudios', 'web'),
('Crear estudios', 'web'),
('Editar estudios', 'web'),
('Eliminar estudios', 'web'),
('Configurar reporte', 'web'),
('Configurar valores', 'web'),
('Leer equipos', 'web'),
('Crear equipos', 'web'),
('Editar equipos', 'web'),
('Eliminar equipos', 'web'),
('Configurar mantenimientos', 'web'),
('Registrar mantenimientos', 'web'),
('Leer termometros', 'web'),
('Crear termometros', 'web'),
('Editar termometros', 'web'),
('Eliminar termometros', 'web'),
('Configurar temperaturas', 'web'),
('Registrar temperaturas', 'web'),
('Ver graficas', 'web'),
('Leer calidad', 'web'),
('Crear calidad', 'web'),
('Editar calidad', 'web'),
('Eliminar calidad', 'web'),
('Leer incidencias', 'web'),
('Crear incidencias', 'web'),
('Editar incidencias', 'web'),
('Eliminar incidencias', 'web'),
('Descargar incidencias', 'web'),
('Crear eventos', 'web'),
('Leer reactivos', 'web'),
('Leer compras', 'web');

INSERT INTO `role_has_permissions` (`permission_id`, `role_id`) VALUES
(1, 1),
(2, 1),
(3, 1),
(4, 1),
(5, 1),
(6, 1),
(7, 1),
(8, 1),
(9, 1),
(10, 1),
(11, 1),
(12, 1),
(13, 1),
(14, 1),
(15, 1),
(16, 1),
(17, 1),
(18, 1),
(19, 1),
(20, 1),
(21, 1),
(22, 1),
(23, 1),
(24, 1),
(25, 1),
(26, 1),
(27, 1),
(28, 1),
(29, 1),
(30, 1),
(31, 1),
(32, 1),
(33, 1),
(34, 1),
(35, 1),
(36, 1),
(37, 1),
(38, 1),
(39, 1),
(40, 1),
(41, 1),
(42, 1),
(43, 1),
(44, 1),
(45, 1),
(46, 1),
(47, 1),
(48, 1),
(49, 1),
(50, 1),
(51, 1),
(52, 1),
(53, 1),
(54, 1),
(55, 1),
(56, 1),
(57, 1),
(58, 1),
(59, 1),
(60, 1),
(61, 1),
(62, 1),
(63, 1),
(64, 1),
(65, 1),
(66, 1),
(67, 1),
(68, 1),
(69, 1),
(70, 1),
(71, 1),
(72, 1),
(73, 1),
(74, 1),
(75, 1),
(76, 1),
(77, 1),
(78, 1);

INSERT INTO `model_has_roles` (`role_id`, `model_type`, `model_id`) VALUES
(1, 'App\\Models\\User', 1),
(1, 'App\\Models\\User', 2),
(1, 'App\\Models\\User', 3);
